id,title,history
71,Aston Villa,"[{'h_a': 'h', 'xG': 0.318601, 'xGA': 1.40098, 'npxG': 0.318601, 'npxGA': 1.40098, 'ppda': {'att': 227, 'def': 12}, 'ppda_allowed': {'att': 146, 'def': 24}, 'deep': 2, 'deep_allowed': 6, 'scored': 0, 'missed': 0, 'xpts': 0.42579999999999996, 'result': 'd', 'date': '2025-08-16 11:30:00', 'wins': 0, 'draws': 1, 'loses': 0, 'pts': 1, 'npxGD': -1.082379}, {'h_a': 'a', 'xG': 0.976852, 'xGA': 1.12964, 'npxG': 0.976852, 'npxGA': 1.12964, 'ppda': {'att': 92, 'def': 17}, 'ppda_allowed': {'att': 302, 'def': 28}, 'deep': 14, 'deep_allowed': 2, 'scored': 0, 'missed': 1, 'xpts': 1.1286999999999998, 'result': 'l', 'date': '2025-08-23 14:00:00', 'wins': 0, 'draws': 0, 'loses': 1, 'pts': 0, 'npxGD': -0.15278799999999992}, {'h_a': 'h', 'xG': 1.20586, 'xGA': 2.59713, 'npxG': 1.20586, 'npxGA': 1.83596, 'ppda': {'att': 222, 'def': 21}, 'ppda_allowed': {'att': 288, 'def': 15}, 'deep': 6, 'deep_allowed': 5, 'scored': 0, 'missed': 3, 'xpts': 0.3812, 'result': 'l', 'date': '2025-08-31 18:00:00', 'wins': 0, 'draws': 0, 'loses': 1, 'pts': 0, 'npxGD': -0.6301000000000001}, {'h_a': 'a', 'xG': 0.354327, 'xGA': 1.8927, 'npxG': 0.354327, 'npxGA': 1.8927, 'ppda': {'att': 159, 'def': 19}, 'ppda_allowed': {'att': 191, 'def': 27}, 'deep': 3, 'deep_allowed': 10, 'scored': 0, 'missed': 0, 'xpts': 0.3143, 'result': 'd', 'date': '2025-09-13 14:00:00', 'wins': 0, 'draws': 1, 'loses': 0, 'pts': 1, 'npxGD': -1.538373}, {'h_a': 'a', 'xG': 0.939354, 'xGA': 0.938312, 'npxG': 0.939354, 'npxGA': 0.938312, 'ppda': {'att': 112, 'def': 16}, 'ppda_allowed': {'att': 227, 'def': 23}, 'deep': 16, 'deep_allowed': 4, 'scored': 1, 'missed': 1, 'xpts': 1.33, 'result': 'd', 'date': '2025-09-21 13:00:00', 'wins': 0, 'draws': 1, 'loses': 0, 'pts': 1, 'npxGD': 0.0010419999999999874}, {'h_a': 'h', 'xG': 1.36575, 'xGA': 0.952612, 'npxG': 1.36575, 'npxGA': 0.952612, 'ppda': {'att': 243, 'def': 14}, 'ppda_allowed': {'att': 249, 'def': 18}, 'deep': 6, 'deep_allowed': 4, 'scored': 3, 'missed': 1, 'xpts': 1.7306, 'result': 'w', 'date': '2025-09-28 13:00:00', 'wins': 1, 'draws': 0, 'loses': 0, 'pts': 3, 'npxGD': 0.413138}, {'h_a': 'h', 'xG': 1.73572, 'xGA': 0.502292, 'npxG': 1.73572, 'npxGA': 0.502292, 'ppda': {'att': 229, 'def': 18}, 'ppda_allowed': {'att': 328, 'def': 42}, 'deep': 8, 'deep_allowed': 1, 'scored': 2, 'missed': 1, 'xpts': 2.3255, 'result': 'w', 'date': '2025-10-05 13:00:00', 'wins': 1, 'draws': 0, 'loses': 0, 'pts': 3, 'npxGD': 1.233428}, {'h_a': 'a', 'xG': 0.352231, 'xGA': 1.51461, 'npxG': 0.352231, 'npxGA': 1.51461, 'ppda': {'att': 232, 'def': 18}, 'ppda_allowed': {'att': 205, 'def': 27}, 'deep': 2, 'deep_allowed': 5, 'scored': 2, 'missed': 1, 'xpts': 0.4064, 'result': 'w', 'date': '2025-10-19 13:00:00', 'wins': 1, 'draws': 0, 'loses': 0, 'pts': 3, 'npxGD': -1.162379}, {'h_a': 'h', 'xG': 0.843906, 'xGA': 1.36914, 'npxG': 0.843906, 'npxGA': 1.36914, 'ppda': {'att': 246, 'def': 11}, 'ppda_allowed': {'att': 287, 'def': 28}, 'deep': 8, 'deep_allowed': 11, 'scored': 1, 'missed': 0, 'xpts': 0.9462999999999999, 'result': 'w', 'date': '2025-10-26 13:00:00', 'wins': 1, 'draws': 0, 'loses': 0, 'pts': 3, 'npxGD': -0.525234}, {'h_a': 'a', 'xG': 0.43502, 'xGA': 1.47021, 'npxG': 0.43502, 'npxGA': 1.47021, 'ppda': {'att': 257, 'def': 16}, 'ppda_allowed': {'att': 219, 'def': 20}, 'deep': 6, 'deep_allowed': 12, 'scored': 0, 'missed': 2, 'xpts': 0.5414, 'result': 'l', 'date': '2025-11-01 20:00:00', 'wins': 0, 'draws': 0, 'loses': 1, 'pts': 0, 'npxGD': -1.03519}]"
72,Everton,"[{'h_a': 'a', 'xG': 0.674338, 'xGA': 2.3812, 'npxG': 0.674338, 'npxGA': 1.62003, 'ppda': {'att': 275, 'def': 10}, 'ppda_allowed': {'att': 251, 'def': 16}, 'deep': 2, 'deep_allowed': 5, 'scored': 0, 'missed': 1, 'xpts': 0.2864, 'result': 'l', 'date': '2025-08-18 19:00:00', 'wins': 0, 'draws': 0, 'loses': 1, 'pts': 0, 'npxGD': -0.9456920000000001}, {'h_a': 'h', 'xG': 1.80116, 'xGA': 2.08487, 'npxG': 1.80116, 'npxGA': 1.3237, 'ppda': {'att': 301, 'def': 17}, 'ppda_allowed': {'att': 165, 'def': 19}, 'deep': 5, 'deep_allowed': 8, 'scored': 2, 'missed': 0, 'xpts': 1.1070000000000002, 'result': 'w', 'date': '2025-08-24 13:00:00', 'wins': 1, 'draws': 0, 'loses': 0, 'pts': 3, 'npxGD': 0.47746}, {'h_a': 'a', 'xG': 2.03791, 'xGA': 0.943257, 'npxG': 2.03791, 'npxGA': 0.943257, 'ppda': {'att': 311, 'def': 26}, 'ppda_allowed': {'att': 158, 'def': 27}, 'deep': 11, 'deep_allowed': 5, 'scored': 3, 'missed': 2, 'xpts': 2.2217000000000002, 'result': 'w', 'date': '2025-08-30 14:00:00', 'wins': 1, 'draws': 0, 'loses': 0, 'pts': 3, 'npxGD': 1.094653}, {'h_a': 'h', 'xG': 1.8927, 'xGA': 0.354327, 'npxG': 1.8927, 'npxGA': 0.354327, 'ppda': {'att': 191, 'def': 27}, 'ppda_allowed': {'att': 159, 'def': 19}, 'deep': 10, 'deep_allowed': 3, 'scored': 0, 'missed': 0, 'xpts': 2.5199, 'result': 'd', 'date': '2025-09-13 14:00:00', 'wins': 0, 'draws': 1, 'loses': 0, 'pts': 1, 'npxGD': 1.538373}, {'h_a': 'a', 'xG': 0.721371, 'xGA': 1.06166, 'npxG': 0.721371, 'npxGA': 1.06166, 'ppda': {'att': 260, 'def': 23}, 'ppda_allowed': {'att': 153, 'def': 26}, 'deep': 9, 'deep_allowed': 12, 'scored': 1, 'missed': 2, 'xpts': 1.0035, 'result': 'l', 'date': '2025-09-20 11:30:00', 'wins': 0, 'draws': 0, 'loses': 1, 'pts': 0, 'npxGD': -0.34028900000000006}, {'h_a': 'h', 'xG': 0.909703, 'xGA': 0.775766, 'npxG': 0.909703, 'npxGA': 0.775766, 'ppda': {'att': 217, 'def': 17}, 'ppda_allowed': {'att': 216, 'def': 16}, 'deep': 12, 'deep_allowed': 7, 'scored': 1, 'missed': 1, 'xpts': 1.4394999999999998, 'result': 'd', 'date': '2025-09-29 19:00:00', 'wins': 0, 'draws': 1, 'loses': 0, 'pts': 1, 'npxGD': 0.13393700000000008}, {'h_a': 'h', 'xG': 2.13876, 'xGA': 2.17789, 'npxG': 1.37759, 'npxGA': 2.17789, 'ppda': {'att': 269, 'def': 29}, 'ppda_allowed': {'att': 245, 'def': 36}, 'deep': 5, 'deep_allowed': 6, 'scored': 2, 'missed': 1, 'xpts': 1.3515, 'result': 'w', 'date': '2025-10-05 13:00:00', 'wins': 1, 'draws': 0, 'loses': 0, 'pts': 3, 'npxGD': -0.8003}, {'h_a': 'a', 'xG': 0.794622, 'xGA': 2.4799, 'npxG': 0.794622, 'npxGA': 2.4799, 'ppda': {'att': 434, 'def': 26}, 'ppda_allowed': {'att': 157, 'def': 18}, 'deep': 4, 'deep_allowed': 15, 'scored': 0, 'missed': 2, 'xpts': 0.3247, 'result': 'l', 'date': '2025-10-18 14:00:00', 'wins': 0, 'draws': 0, 'loses': 1, 'pts': 0, 'npxGD': -1.6852780000000003}, {'h_a': 'h', 'xG': 1.4032, 'xGA': 2.09327, 'npxG': 1.4032, 'npxGA': 2.09327, 'ppda': {'att': 255, 'def': 19}, 'ppda_allowed': {'att': 221, 'def': 13}, 'deep': 6, 'deep_allowed': 3, 'scored': 0, 'missed': 3, 'xpts': 0.831, 'result': 'l', 'date': '2025-10-26 15:30:00', 'wins': 0, 'draws': 0, 'loses': 1, 'pts': 0, 'npxGD': -0.69007}, {'h_a': 'a', 'xG': 1.00741, 'xGA': 1.18068, 'npxG': 1.00741, 'npxGA': 1.18068, 'ppda': {'att': 301, 'def': 13}, 'ppda_allowed': {'att': 173, 'def': 21}, 'deep': 5, 'deep_allowed': 7, 'scored': 1, 'missed': 1, 'xpts': 1.244, 'result': 'd', 'date': '2025-11-03 20:00:00', 'wins': 0, 'draws': 1, 'loses': 0, 'pts': 1, 'npxGD': -0.17327000000000004}, {'h_a': 'h', 'xG': 2.30607, 'xGA': 0.424478, 'npxG': 2.30607, 'npxGA': 0.424478, 'ppda': {'att': 258, 'def': 17}, 'ppda_allowed': {'att': 198, 'def': 20}, 'deep': 5, 'deep_allowed': 7, 'scored': 2, 'missed': 0, 'xpts': 2.6755, 'result': 'w', 'date': '2025-11-08 15:00:00', 'wins': 1, 'draws': 0, 'loses': 0, 'pts': 3, 'npxGD': 1.881592}]"
73,Bournemouth,"[{'h_a': 'a', 'xG': 1.57303, 'xGA': 2.33007, 'npxG': 1.57303, 'npxGA': 2.33007, 'ppda': {'att': 278, 'def': 24}, 'ppda_allowed': {'att': 149, 'def': 17}, 'deep': 8, 'deep_allowed': 9, 'scored': 2, 'missed': 4, 'xpts': 0.8954, 'result': 'l', 'date': '2025-08-15 19:00:00', 'wins': 0, 'draws': 0, 'loses': 1, 'pts': 0, 'npxGD': -0.7570400000000002}, {'h_a': 'h', 'xG': 1.78462, 'xGA': 0.373367, 'npxG': 1.78462, 'npxGA': 0.373367, 'ppda': {'att': 147, 'def': 25}, 'ppda_allowed': {'att': 219, 'def': 21}, 'deep': 6, 'deep_allowed': 3, 'scored': 1, 'missed': 0, 'xpts': 2.5305999999999997, 'result': 'w', 'date': '2025-08-23 14:00:00', 'wins': 1, 'draws': 0, 'loses': 0, 'pts': 3, 'npxGD': 1.411253}, {'h_a': 'a', 'xG': 2.1201, 'xGA': 0.17067, 'npxG': 2.1201, 'npxGA': 0.17067, 'ppda': {'att': 293, 'def': 41}, 'ppda_allowed': {'att': 130, 'def': 25}, 'deep': 11, 'deep_allowed': 4, 'scored': 1, 'missed': 0, 'xpts': 2.7342000000000004, 'result': 'w', 'date': '2025-08-30 14:00:00', 'wins': 1, 'draws': 0, 'loses': 0, 'pts': 3, 'npxGD': 1.94943}, {'h_a': 'h', 'xG': 1.44187, 'xGA': 0.624923, 'npxG': 0.680706, 'npxGA': 0.624923, 'ppda': {'att': 195, 'def': 18}, 'ppda_allowed': {'att': 200, 'def': 23}, 'deep': 5, 'deep_allowed': 3, 'scored': 2, 'missed': 1, 'xpts': 2.1195, 'result': 'w', 'date': '2025-09-13 14:00:00', 'wins': 1, 'draws': 0, 'loses': 0, 'pts': 3, 'npxGD': 0.05578300000000003}, {'h_a': 'h', 'xG': 0.55066, 'xGA': 0.153629, 'npxG': 0.55066, 'npxGA': 0.153629, 'ppda': {'att': 184, 'def': 22}, 'ppda_allowed': {'att': 279, 'def': 17}, 'deep': 4, 'deep_allowed': 6, 'scored': 0, 'missed': 0, 'xpts': 1.7041999999999997, 'result': 'd', 'date': '2025-09-21 13:00:00', 'wins': 0, 'draws': 1, 'loses': 0, 'pts': 1, 'npxGD': 0.397031}, {'h_a': 'a', 'xG': 1.06033, 'xGA': 2.04728, 'npxG': 1.06033, 'npxGA': 2.04728, 'ppda': {'att': 210, 'def': 25}, 'ppda_allowed': {'att': 262, 'def': 26}, 'deep': 9, 'deep_allowed': 3, 'scored': 2, 'missed': 2, 'xpts': 0.6846, 'result': 'd', 'date': '2025-09-27 14:00:00', 'wins': 0, 'draws': 1, 'loses': 0, 'pts': 1, 'npxGD': -0.9869500000000002}, {'h_a': 'h', 'xG': 1.33458, 'xGA': 0.84335, 'npxG': 1.33458, 'npxGA': 0.84335, 'ppda': {'att': 235, 'def': 17}, 'ppda_allowed': {'att': 268, 'def': 14}, 'deep': 13, 'deep_allowed': 10, 'scored': 3, 'missed': 1, 'xpts': 1.8082, 'result': 'w', 'date': '2025-10-03 19:00:00', 'wins': 1, 'draws': 0, 'loses': 0, 'pts': 3, 'npxGD': 0.49123000000000006}, {'h_a': 'a', 'xG': 2.0471, 'xGA': 4.56284, 'npxG': 2.0471, 'npxGA': 3.80167, 'ppda': {'att': 219, 'def': 27}, 'ppda_allowed': {'att': 196, 'def': 25}, 'deep': 6, 'deep_allowed': 14, 'scored': 3, 'missed': 3, 'xpts': 0.1793, 'result': 'd', 'date': '2025-10-18 14:00:00', 'wins': 0, 'draws': 1, 'loses': 0, 'pts': 1, 'npxGD': -1.7545700000000002}, {'h_a': 'h', 'xG': 0.656601, 'xGA': 0.305493, 'npxG': 0.656601, 'npxGA': 0.305493, 'ppda': {'att': 201, 'def': 25}, 'ppda_allowed': {'att': 235, 'def': 20}, 'deep': 7, 'deep_allowed': 4, 'scored': 2, 'missed': 0, 'xpts': 1.6589999999999998, 'result': 'w', 'date': '2025-10-26 13:00:00', 'wins': 1, 'draws': 0, 'loses': 0, 'pts': 3, 'npxGD': 0.351108}, {'h_a': 'a', 'xG': 0.899846, 'xGA': 2.48999, 'npxG': 0.899846, 'npxGA': 2.48999, 'ppda': {'att': 258, 'def': 23}, 'ppda_allowed': {'att': 323, 'def': 16}, 'deep': 4, 'deep_allowed': 8, 'scored': 1, 'missed': 3, 'xpts': 0.3725, 'result': 'l', 'date': '2025-11-02 16:30:00', 'wins': 0, 'draws': 0, 'loses': 1, 'pts': 0, 'npxGD': -1.590144}]"
77,Sunderland,"[{'h_a': 'h', 'xG': 0.724368, 'xGA': 0.558948, 'npxG': 0.724368, 'npxGA': 0.558948, 'ppda': {'att': 291, 'def': 14}, 'ppda_allowed': {'att': 165, 'def': 15}, 'deep': 2, 'deep_allowed': 8, 'scored': 3, 'missed': 0, 'xpts': 1.48, 'result': 'w', 'date': '2025-08-16 14:00:00', 'wins': 1, 'draws': 0, 'loses': 0, 'pts': 3, 'npxGD': 0.16542}, {'h_a': 'a', 'xG': 1.12127, 'xGA': 1.00381, 'npxG': 1.12127, 'npxGA': 1.00381, 'ppda': {'att': 247, 'def': 12}, 'ppda_allowed': {'att': 324, 'def': 21}, 'deep': 4, 'deep_allowed': 4, 'scored': 0, 'missed': 2, 'xpts': 1.448, 'result': 'l', 'date': '2025-08-23 14:00:00', 'wins': 0, 'draws': 0, 'loses': 1, 'pts': 0, 'npxGD': 0.1174599999999999}, {'h_a': 'h', 'xG': 1.57127, 'xGA': 1.44604, 'npxG': 0.810099, 'npxGA': 0.684874, 'ppda': {'att': 197, 'def': 38}, 'ppda_allowed': {'att': 237, 'def': 11}, 'deep': 2, 'deep_allowed': 4, 'scored': 2, 'missed': 1, 'xpts': 1.4156, 'result': 'w', 'date': '2025-08-30 14:00:00', 'wins': 1, 'draws': 0, 'loses': 0, 'pts': 3, 'npxGD': 0.12522500000000003}, {'h_a': 'a', 'xG': 0.354129, 'xGA': 1.75805, 'npxG': 0.354129, 'npxGA': 1.75805, 'ppda': {'att': 320, 'def': 18}, 'ppda_allowed': {'att': 244, 'def': 18}, 'deep': 4, 'deep_allowed': 8, 'scored': 0, 'missed': 0, 'xpts': 0.31589999999999996, 'result': 'd', 'date': '2025-09-13 14:00:00', 'wins': 0, 'draws': 1, 'loses': 0, 'pts': 1, 'npxGD': -1.403921}, {'h_a': 'h', 'xG': 0.938312, 'xGA': 0.939354, 'npxG': 0.938312, 'npxGA': 0.939354, 'ppda': {'att': 227, 'def': 23}, 'ppda_allowed': {'att': 112, 'def': 16}, 'deep': 4, 'deep_allowed': 16, 'scored': 1, 'missed': 1, 'xpts': 1.3236999999999999, 'result': 'd', 'date': '2025-09-21 13:00:00', 'wins': 0, 'draws': 1, 'loses': 0, 'pts': 1, 'npxGD': -0.0010419999999999874}, {'h_a': 'a', 'xG': 1.94154, 'xGA': 1.4203, 'npxG': 1.94154, 'npxGA': 1.4203, 'ppda': {'att': 295, 'def': 10}, 'ppda_allowed': {'att': 186, 'def': 20}, 'deep': 3, 'deep_allowed': 6, 'scored': 1, 'missed': 0, 'xpts': 1.7727, 'result': 'w', 'date': '2025-09-27 16:30:00', 'wins': 1, 'draws': 0, 'loses': 0, 'pts': 3, 'npxGD': 0.5212400000000001}, {'h_a': 'a', 'xG': 0.807119, 'xGA': 1.9298, 'npxG': 0.807119, 'npxGA': 1.9298, 'ppda': {'att': 244, 'def': 25}, 'ppda_allowed': {'att': 234, 'def': 23}, 'deep': 3, 'deep_allowed': 7, 'scored': 0, 'missed': 2, 'xpts': 0.5388, 'result': 'l', 'date': '2025-10-04 14:00:00', 'wins': 0, 'draws': 0, 'loses': 1, 'pts': 0, 'npxGD': -1.122681}, {'h_a': 'h', 'xG': 1.02481, 'xGA': 0.676323, 'npxG': 1.02481, 'npxGA': 0.676323, 'ppda': {'att': 255, 'def': 7}, 'ppda_allowed': {'att': 157, 'def': 30}, 'deep': 6, 'deep_allowed': 11, 'scored': 2, 'missed': 0, 'xpts': 1.6885000000000001, 'result': 'w', 'date': '2025-10-18 14:00:00', 'wins': 1, 'draws': 0, 'loses': 0, 'pts': 3, 'npxGD': 0.348487}, {'h_a': 'a', 'xG': 1.5506, 'xGA': 1.21332, 'npxG': 1.5506, 'npxGA': 1.21332, 'ppda': {'att': 368, 'def': 17}, 'ppda_allowed': {'att': 168, 'def': 18}, 'deep': 6, 'deep_allowed': 11, 'scored': 2, 'missed': 1, 'xpts': 1.6661000000000001, 'result': 'w', 'date': '2025-10-25 14:00:00', 'wins': 1, 'draws': 0, 'loses': 0, 'pts': 3, 'npxGD': 0.33728}, {'h_a': 'h', 'xG': 1.18068, 'xGA': 1.00741, 'npxG': 1.18068, 'npxGA': 1.00741, 'ppda': {'att': 173, 'def': 21}, 'ppda_allowed': {'att': 301, 'def': 13}, 'deep': 7, 'deep_allowed': 5, 'scored': 1, 'missed': 1, 'xpts': 1.4357000000000002, 'result': 'd', 'date': '2025-11-03 20:00:00', 'wins': 0, 'draws': 1, 'loses': 0, 'pts': 1, 'npxGD': 0.17327000000000004}, {'h_a': 'h', 'xG': 1.20495, 'xGA': 2.32943, 'npxG': 1.20495, 'npxGA': 2.32943, 'ppda': {'att': 202, 'def': 15}, 'ppda_allowed': {'att': 151, 'def': 16}, 'deep': 7, 'deep_allowed': 11, 'scored': 2, 'missed': 2, 'xpts': 0.6061, 'result': 'd', 'date': '2025-11-08 17:30:00', 'wins': 0, 'draws': 1, 'loses': 0, 'pts': 1, 'npxGD': -1.12448}]"
78,Crystal Palace,"[{'h_a': 'a', 'xG': 1.03414, 'xGA': 1.36793, 'npxG': 1.03414, 'npxGA': 1.36793, 'ppda': {'att': 335, 'def': 19}, 'ppda_allowed': {'att': 135, 'def': 23}, 'deep': 2, 'deep_allowed': 7, 'scored': 0, 'missed': 0, 'xpts': 1.093, 'result': 'd', 'date': '2025-08-17 13:00:00', 'wins': 0, 'draws': 1, 'loses': 0, 'pts': 1, 'npxGD': -0.33379000000000003}, {'h_a': 'h', 'xG': 1.10188, 'xGA': 1.32987, 'npxG': 1.10188, 'npxGA': 1.32987, 'ppda': {'att': 294, 'def': 23}, 'ppda_allowed': {'att': 197, 'def': 19}, 'deep': 6, 'deep_allowed': 4, 'scored': 1, 'missed': 1, 'xpts': 1.1537, 'result': 'd', 'date': '2025-08-24 13:00:00', 'wins': 0, 'draws': 1, 'loses': 0, 'pts': 1, 'npxGD': -0.22799000000000014}, {'h_a': 'a', 'xG': 2.59713, 'xGA': 1.20586, 'npxG': 1.83596, 'npxGA': 1.20586, 'ppda': {'att': 288, 'def': 15}, 'ppda_allowed': {'att': 222, 'def': 21}, 'deep': 5, 'deep_allowed': 6, 'scored': 3, 'missed': 0, 'xpts': 2.4577999999999998, 'result': 'w', 'date': '2025-08-31 18:00:00', 'wins': 1, 'draws': 0, 'loses': 0, 'pts': 3, 'npxGD': 0.6301000000000001}, {'h_a': 'h', 'xG': 1.75805, 'xGA': 0.354129, 'npxG': 1.75805, 'npxGA': 0.354129, 'ppda': {'att': 244, 'def': 18}, 'ppda_allowed': {'att': 320, 'def': 18}, 'deep': 8, 'deep_allowed': 4, 'scored': 0, 'missed': 0, 'xpts': 2.5155, 'result': 'd', 'date': '2025-09-13 14:00:00', 'wins': 0, 'draws': 1, 'loses': 0, 'pts': 1, 'npxGD': 1.403921}, {'h_a': 'a', 'xG': 2.33565, 'xGA': 0.466365, 'npxG': 2.33565, 'npxGA': 0.466365, 'ppda': {'att': 262, 'def': 11}, 'ppda_allowed': {'att': 197, 'def': 23}, 'deep': 7, 'deep_allowed': 5, 'scored': 2, 'missed': 1, 'xpts': 2.6628, 'result': 'w', 'date': '2025-09-20 14:00:00', 'wins': 1, 'draws': 0, 'loses': 0, 'pts': 3, 'npxGD': 1.8692849999999999}, {'h_a': 'h', 'xG': 3.53323, 'xGA': 3.10176, 'npxG': 3.53323, 'npxGA': 3.10176, 'ppda': {'att': 390, 'def': 16}, 'ppda_allowed': {'att': 120, 'def': 14}, 'deep': 12, 'deep_allowed': 5, 'scored': 2, 'missed': 1, 'xpts': 1.6584, 'result': 'w', 'date': '2025-09-27 14:00:00', 'wins': 1, 'draws': 0, 'loses': 0, 'pts': 3, 'npxGD': 0.43147}, {'h_a': 'a', 'xG': 2.17789, 'xGA': 2.13876, 'npxG': 2.17789, 'npxGA': 1.37759, 'ppda': {'att': 245, 'def': 36}, 'ppda_allowed': {'att': 269, 'def': 29}, 'deep': 6, 'deep_allowed': 5, 'scored': 1, 'missed': 2, 'xpts': 1.3839, 'result': 'l', 'date': '2025-10-05 13:00:00', 'wins': 0, 'draws': 0, 'loses': 1, 'pts': 0, 'npxGD': 0.8003}, {'h_a': 'h', 'xG': 4.56284, 'xGA': 2.0471, 'npxG': 3.80167, 'npxGA': 2.0471, 'ppda': {'att': 196, 'def': 25}, 'ppda_allowed': {'att': 219, 'def': 27}, 'deep': 14, 'deep_allowed': 6, 'scored': 3, 'missed': 3, 'xpts': 2.7443, 'result': 'd', 'date': '2025-10-18 14:00:00', 'wins': 0, 'draws': 1, 'loses': 0, 'pts': 1, 'npxGD': 1.7545700000000002}, {'h_a': 'a', 'xG': 0.350534, 'xGA': 0.856175, 'npxG': 0.350534, 'npxGA': 0.856175, 'ppda': {'att': 311, 'def': 11}, 'ppda_allowed': {'att': 211, 'def': 17}, 'deep': 1, 'deep_allowed': 5, 'scored': 0, 'missed': 1, 'xpts': 0.7859999999999999, 'result': 'l', 'date': '2025-10-26 13:00:00', 'wins': 0, 'draws': 0, 'loses': 1, 'pts': 0, 'npxGD': -0.505641}, {'h_a': 'h', 'xG': 0.734558, 'xGA': 0.820498, 'npxG': 0.734558, 'npxGA': 0.820498, 'ppda': {'att': 310, 'def': 16}, 'ppda_allowed': {'att': 128, 'def': 22}, 'deep': 5, 'deep_allowed': 8, 'scored': 2, 'missed': 0, 'xpts': 1.2190999999999999, 'result': 'w', 'date': '2025-11-01 15:00:00', 'wins': 1, 'draws': 0, 'loses': 0, 'pts': 3, 'npxGD': -0.0859399999999999}]"
80,Chelsea,"[{'h_a': 'h', 'xG': 1.36793, 'xGA': 1.03414, 'npxG': 1.36793, 'npxGA': 1.03414, 'ppda': {'att': 135, 'def': 23}, 'ppda_allowed': {'att': 335, 'def': 19}, 'deep': 7, 'deep_allowed': 2, 'scored': 0, 'missed': 0, 'xpts': 1.6141, 'result': 'd', 'date': '2025-08-17 13:00:00', 'wins': 0, 'draws': 1, 'loses': 0, 'pts': 1, 'npxGD': 0.33379000000000003}, {'h_a': 'a', 'xG': 3.94997, 'xGA': 0.978572, 'npxG': 3.94997, 'npxGA': 0.978572, 'ppda': {'att': 227, 'def': 19}, 'ppda_allowed': {'att': 342, 'def': 13}, 'deep': 5, 'deep_allowed': 6, 'scored': 5, 'missed': 1, 'xpts': 2.8571000000000004, 'result': 'w', 'date': '2025-08-22 19:00:00', 'wins': 1, 'draws': 0, 'loses': 0, 'pts': 3, 'npxGD': 2.9713979999999998}, {'h_a': 'h', 'xG': 2.4324, 'xGA': 0.736228, 'npxG': 1.67123, 'npxGA': 0.736228, 'ppda': {'att': 233, 'def': 25}, 'ppda_allowed': {'att': 293, 'def': 27}, 'deep': 4, 'deep_allowed': 9, 'scored': 2, 'missed': 0, 'xpts': 2.5668, 'result': 'w', 'date': '2025-08-30 11:30:00', 'wins': 1, 'draws': 0, 'loses': 0, 'pts': 3, 'npxGD': 0.935002}, {'h_a': 'a', 'xG': 0.755999, 'xGA': 1.17533, 'npxG': 0.755999, 'npxGA': 1.17533, 'ppda': {'att': 151, 'def': 29}, 'ppda_allowed': {'att': 323, 'def': 16}, 'deep': 12, 'deep_allowed': 8, 'scored': 2, 'missed': 2, 'xpts': 0.9162, 'result': 'd', 'date': '2025-09-13 19:00:00', 'wins': 0, 'draws': 1, 'loses': 0, 'pts': 1, 'npxGD': -0.419331}, {'h_a': 'a', 'xG': 0.469843, 'xGA': 1.34458, 'npxG': 0.469843, 'npxGA': 1.34458, 'ppda': {'att': 184, 'def': 14}, 'ppda_allowed': {'att': 337, 'def': 26}, 'deep': 5, 'deep_allowed': 4, 'scored': 1, 'missed': 2, 'xpts': 0.5622, 'result': 'l', 'date': '2025-09-20 16:30:00', 'wins': 0, 'draws': 0, 'loses': 1, 'pts': 0, 'npxGD': -0.8747370000000001}, {'h_a': 'h', 'xG': 2.02653, 'xGA': 2.4751, 'npxG': 2.02653, 'npxGA': 2.4751, 'ppda': {'att': 162, 'def': 19}, 'ppda_allowed': {'att': 266, 'def': 29}, 'deep': 4, 'deep_allowed': 8, 'scored': 1, 'missed': 3, 'xpts': 1.0291, 'result': 'l', 'date': '2025-09-27 14:00:00', 'wins': 0, 'draws': 0, 'loses': 1, 'pts': 0, 'npxGD': -0.4485699999999997}, {'h_a': 'h', 'xG': 1.23721, 'xGA': 2.05981, 'npxG': 1.23721, 'npxGA': 2.05981, 'ppda': {'att': 266, 'def': 20}, 'ppda_allowed': {'att': 274, 'def': 16}, 'deep': 6, 'deep_allowed': 9, 'scored': 2, 'missed': 1, 'xpts': 0.7363, 'result': 'w', 'date': '2025-10-04 16:30:00', 'wins': 1, 'draws': 0, 'loses': 0, 'pts': 3, 'npxGD': -0.8226000000000002}, {'h_a': 'a', 'xG': 2.5583, 'xGA': 2.0555, 'npxG': 2.5583, 'npxGA': 2.0555, 'ppda': {'att': 246, 'def': 29}, 'ppda_allowed': {'att': 282, 'def': 19}, 'deep': 6, 'deep_allowed': 9, 'scored': 3, 'missed': 0, 'xpts': 1.7066999999999999, 'result': 'w', 'date': '2025-10-18 11:30:00', 'wins': 1, 'draws': 0, 'loses': 0, 'pts': 3, 'npxGD': 0.5028000000000001}, {'h_a': 'h', 'xG': 1.21332, 'xGA': 1.5506, 'npxG': 1.21332, 'npxGA': 1.5506, 'ppda': {'att': 168, 'def': 18}, 'ppda_allowed': {'att': 368, 'def': 17}, 'deep': 11, 'deep_allowed': 6, 'scored': 1, 'missed': 2, 'xpts': 1.0463, 'result': 'l', 'date': '2025-10-25 14:00:00', 'wins': 0, 'draws': 0, 'loses': 1, 'pts': 0, 'npxGD': -0.33728}, {'h_a': 'a', 'xG': 3.34251, 'xGA': 0.146954, 'npxG': 3.34251, 'npxGA': 0.146954, 'ppda': {'att': 217, 'def': 31}, 'ppda_allowed': {'att': 214, 'def': 25}, 'deep': 13, 'deep_allowed': 4, 'scored': 1, 'missed': 0, 'xpts': 2.9549999999999996, 'result': 'w', 'date': '2025-11-01 17:30:00', 'wins': 1, 'draws': 0, 'loses': 0, 'pts': 3, 'npxGD': 3.195556}]"
81,West Ham,"[{'h_a': 'a', 'xG': 0.558948, 'xGA': 0.724368, 'npxG': 0.558948, 'npxGA': 0.724368, 'ppda': {'att': 165, 'def': 15}, 'ppda_allowed': {'att': 291, 'def': 14}, 'deep': 8, 'deep_allowed': 2, 'scored': 0, 'missed': 3, 'xpts': 1.129, 'result': 'l', 'date': '2025-08-16 14:00:00', 'wins': 0, 'draws': 0, 'loses': 1, 'pts': 0, 'npxGD': -0.16542}, {'h_a': 'h', 'xG': 0.978572, 'xGA': 3.94997, 'npxG': 0.978572, 'npxGA': 3.94997, 'ppda': {'att': 342, 'def': 13}, 'ppda_allowed': {'att': 227, 'def': 19}, 'deep': 6, 'deep_allowed': 5, 'scored': 1, 'missed': 5, 'xpts': 0.0944, 'result': 'l', 'date': '2025-08-22 19:00:00', 'wins': 0, 'draws': 0, 'loses': 1, 'pts': 0, 'npxGD': -2.9713979999999998}, {'h_a': 'a', 'xG': 2.236, 'xGA': 0.716018, 'npxG': 1.47483, 'npxGA': 0.716018, 'ppda': {'att': 279, 'def': 13}, 'ppda_allowed': {'att': 256, 'def': 26}, 'deep': 5, 'deep_allowed': 6, 'scored': 3, 'missed': 0, 'xpts': 2.5114, 'result': 'w', 'date': '2025-08-31 13:00:00', 'wins': 1, 'draws': 0, 'loses': 0, 'pts': 3, 'npxGD': 0.758812}, {'h_a': 'h', 'xG': 0.793248, 'xGA': 1.51402, 'npxG': 0.793248, 'npxGA': 1.51402, 'ppda': {'att': 316, 'def': 18}, 'ppda_allowed': {'att': 152, 'def': 14}, 'deep': 2, 'deep_allowed': 8, 'scored': 0, 'missed': 3, 'xpts': 0.7895000000000001, 'result': 'l', 'date': '2025-09-13 16:30:00', 'wins': 0, 'draws': 0, 'loses': 1, 'pts': 0, 'npxGD': -0.720772}, {'h_a': 'h', 'xG': 0.466365, 'xGA': 2.33565, 'npxG': 0.466365, 'npxGA': 2.33565, 'ppda': {'att': 197, 'def': 23}, 'ppda_allowed': {'att': 262, 'def': 11}, 'deep': 5, 'deep_allowed': 7, 'scored': 1, 'missed': 2, 'xpts': 0.22110000000000002, 'result': 'l', 'date': '2025-09-20 14:00:00', 'wins': 0, 'draws': 0, 'loses': 1, 'pts': 0, 'npxGD': -1.8692849999999999}, {'h_a': 'a', 'xG': 0.775766, 'xGA': 0.909703, 'npxG': 0.775766, 'npxGA': 0.909703, 'ppda': {'att': 216, 'def': 16}, 'ppda_allowed': {'att': 217, 'def': 17}, 'deep': 7, 'deep_allowed': 12, 'scored': 1, 'missed': 1, 'xpts': 1.2127, 'result': 'd', 'date': '2025-09-29 19:00:00', 'wins': 0, 'draws': 1, 'loses': 0, 'pts': 1, 'npxGD': -0.13393700000000008}, {'h_a': 'a', 'xG': 0.864549, 'xGA': 3.0585, 'npxG': 0.864549, 'npxGA': 2.29733, 'ppda': {'att': 326, 'def': 13}, 'ppda_allowed': {'att': 139, 'def': 33}, 'deep': 3, 'deep_allowed': 17, 'scored': 0, 'missed': 2, 'xpts': 0.159, 'result': 'l', 'date': '2025-10-04 14:00:00', 'wins': 0, 'draws': 0, 'loses': 1, 'pts': 0, 'npxGD': -1.432781}, {'h_a': 'h', 'xG': 0.260251, 'xGA': 3.46635, 'npxG': 0.260251, 'npxGA': 3.46635, 'ppda': {'att': 266, 'def': 18}, 'ppda_allowed': {'att': 187, 'def': 15}, 'deep': 4, 'deep_allowed': 11, 'scored': 0, 'missed': 2, 'xpts': 0.045399999999999996, 'result': 'l', 'date': '2025-10-20 19:00:00', 'wins': 0, 'draws': 0, 'loses': 1, 'pts': 0, 'npxGD': -3.206099}, {'h_a': 'a', 'xG': 0.498653, 'xGA': 2.2214, 'npxG': 0.498653, 'npxGA': 2.2214, 'ppda': {'att': 249, 'def': 26}, 'ppda_allowed': {'att': 292, 'def': 27}, 'deep': 4, 'deep_allowed': 1, 'scored': 1, 'missed': 2, 'xpts': 0.2482, 'result': 'l', 'date': '2025-10-24 19:00:00', 'wins': 0, 'draws': 0, 'loses': 1, 'pts': 0, 'npxGD': -1.722747}, {'h_a': 'h', 'xG': 1.41383, 'xGA': 0.523615, 'npxG': 1.41383, 'npxGA': 0.523615, 'ppda': {'att': 283, 'def': 12}, 'ppda_allowed': {'att': 151, 'def': 17}, 'deep': 3, 'deep_allowed': 7, 'scored': 3, 'missed': 1, 'xpts': 2.1611, 'result': 'w', 'date': '2025-11-02 14:00:00', 'wins': 1, 'draws': 0, 'loses': 0, 'pts': 3, 'npxGD': 0.8902149999999999}, {'h_a': 'h', 'xG': 2.96728, 'xGA': 1.87478, 'npxG': 2.96728, 'npxGA': 1.87478, 'ppda': {'att': 309, 'def': 20}, 'ppda_allowed': {'att': 200, 'def': 19}, 'deep': 4, 'deep_allowed': 7, 'scored': 3, 'missed': 2, 'xpts': 2.2418, 'result': 'w', 'date': '2025-11-08 15:00:00', 'wins': 1, 'draws': 0, 'loses': 0, 'pts': 3, 'npxGD': 1.0925000000000002}]"
82,Tottenham,"[{'h_a': 'h', 'xG': 1.97858, 'xGA': 0.734138, 'npxG': 1.97858, 'npxGA': 0.734138, 'ppda': {'att': 108, 'def': 17}, 'ppda_allowed': {'att': 295, 'def': 17}, 'deep': 7, 'deep_allowed': 6, 'scored': 3, 'missed': 0, 'xpts': 2.3089000000000004, 'result': 'w', 'date': '2025-08-16 14:00:00', 'wins': 1, 'draws': 0, 'loses': 0, 'pts': 3, 'npxGD': 1.244442}, {'h_a': 'a', 'xG': 1.28015, 'xGA': 1.2475, 'npxG': 1.28015, 'npxGA': 1.2475, 'ppda': {'att': 292, 'def': 22}, 'ppda_allowed': {'att': 188, 'def': 18}, 'deep': 4, 'deep_allowed': 8, 'scored': 2, 'missed': 0, 'xpts': 1.3643999999999998, 'result': 'w', 'date': '2025-08-23 11:30:00', 'wins': 1, 'draws': 0, 'loses': 0, 'pts': 3, 'npxGD': 0.032649999999999846}, {'h_a': 'h', 'xG': 0.17067, 'xGA': 2.1201, 'npxG': 0.17067, 'npxGA': 2.1201, 'ppda': {'att': 130, 'def': 25}, 'ppda_allowed': {'att': 293, 'def': 41}, 'deep': 4, 'deep_allowed': 11, 'scored': 0, 'missed': 1, 'xpts': 0.15689999999999998, 'result': 'l', 'date': '2025-08-30 14:00:00', 'wins': 0, 'draws': 0, 'loses': 1, 'pts': 0, 'npxGD': -1.94943}, {'h_a': 'a', 'xG': 1.51402, 'xGA': 0.793248, 'npxG': 1.51402, 'npxGA': 0.793248, 'ppda': {'att': 152, 'def': 14}, 'ppda_allowed': {'att': 316, 'def': 18}, 'deep': 8, 'deep_allowed': 2, 'scored': 3, 'missed': 0, 'xpts': 1.9297999999999997, 'result': 'w', 'date': '2025-09-13 16:30:00', 'wins': 1, 'draws': 0, 'loses': 0, 'pts': 3, 'npxGD': 0.720772}, {'h_a': 'a', 'xG': 1.19181, 'xGA': 1.40466, 'npxG': 1.19181, 'npxGA': 1.40466, 'ppda': {'att': 155, 'def': 32}, 'ppda_allowed': {'att': 287, 'def': 25}, 'deep': 14, 'deep_allowed': 4, 'scored': 2, 'missed': 2, 'xpts': 1.1338, 'result': 'd', 'date': '2025-09-20 14:00:00', 'wins': 0, 'draws': 1, 'loses': 0, 'pts': 1, 'npxGD': -0.21284999999999998}, {'h_a': 'h', 'xG': 0.818711, 'xGA': 1.15951, 'npxG': 0.818711, 'npxGA': 1.15951, 'ppda': {'att': 237, 'def': 14}, 'ppda_allowed': {'att': 190, 'def': 20}, 'deep': 5, 'deep_allowed': 4, 'scored': 1, 'missed': 1, 'xpts': 0.9919, 'result': 'd', 'date': '2025-09-27 19:00:00', 'wins': 0, 'draws': 1, 'loses': 0, 'pts': 1, 'npxGD': -0.3407990000000001}, {'h_a': 'a', 'xG': 0.688198, 'xGA': 1.48051, 'npxG': 0.688198, 'npxGA': 1.48051, 'ppda': {'att': 285, 'def': 19}, 'ppda_allowed': {'att': 195, 'def': 18}, 'deep': 4, 'deep_allowed': 6, 'scored': 2, 'missed': 1, 'xpts': 0.6734, 'result': 'w', 'date': '2025-10-04 11:30:00', 'wins': 1, 'draws': 0, 'loses': 0, 'pts': 3, 'npxGD': -0.792312}, {'h_a': 'h', 'xG': 1.51461, 'xGA': 0.352231, 'npxG': 1.51461, 'npxGA': 0.352231, 'ppda': {'att': 205, 'def': 27}, 'ppda_allowed': {'att': 232, 'def': 18}, 'deep': 5, 'deep_allowed': 2, 'scored': 1, 'missed': 2, 'xpts': 2.3837, 'result': 'l', 'date': '2025-10-19 13:00:00', 'wins': 0, 'draws': 0, 'loses': 1, 'pts': 0, 'npxGD': 1.162379}, {'h_a': 'a', 'xG': 2.09327, 'xGA': 1.4032, 'npxG': 2.09327, 'npxGA': 1.4032, 'ppda': {'att': 221, 'def': 13}, 'ppda_allowed': {'att': 255, 'def': 19}, 'deep': 3, 'deep_allowed': 6, 'scored': 3, 'missed': 0, 'xpts': 1.9179, 'result': 'w', 'date': '2025-10-26 15:30:00', 'wins': 1, 'draws': 0, 'loses': 0, 'pts': 3, 'npxGD': 0.69007}, {'h_a': 'h', 'xG': 0.146954, 'xGA': 3.34251, 'npxG': 0.146954, 'npxGA': 3.34251, 'ppda': {'att': 214, 'def': 25}, 'ppda_allowed': {'att': 217, 'def': 31}, 'deep': 4, 'deep_allowed': 13, 'scored': 0, 'missed': 1, 'xpts': 0.0249, 'result': 'l', 'date': '2025-11-01 17:30:00', 'wins': 0, 'draws': 0, 'loses': 1, 'pts': 0, 'npxGD': -3.195556}, {'h_a': 'h', 'xG': 1.35532, 'xGA': 0.820256, 'npxG': 1.35532, 'npxGA': 0.820256, 'ppda': {'att': 224, 'def': 29}, 'ppda_allowed': {'att': 253, 'def': 19}, 'deep': 5, 'deep_allowed': 3, 'scored': 2, 'missed': 2, 'xpts': 1.813, 'result': 'd', 'date': '2025-11-08 12:30:00', 'wins': 0, 'draws': 1, 'loses': 0, 'pts': 1, 'npxGD': 0.5350640000000001}]"
83,Arsenal,"[{'h_a': 'a', 'xG': 1.3304, 'xGA': 1.37653, 'npxG': 1.3304, 'npxGA': 1.37653, 'ppda': {'att': 259, 'def': 23}, 'ppda_allowed': {'att': 166, 'def': 21}, 'deep': 3, 'deep_allowed': 7, 'scored': 1, 'missed': 0, 'xpts': 1.3628, 'result': 'w', 'date': '2025-08-17 15:30:00', 'wins': 1, 'draws': 0, 'loses': 0, 'pts': 3, 'npxGD': -0.046130000000000004}, {'h_a': 'h', 'xG': 2.73761, 'xGA': 0.156761, 'npxG': 1.97644, 'npxGA': 0.156761, 'ppda': {'att': 175, 'def': 22}, 'ppda_allowed': {'att': 418, 'def': 15}, 'deep': 5, 'deep_allowed': 1, 'scored': 5, 'missed': 0, 'xpts': 2.9097, 'result': 'w', 'date': '2025-08-23 16:30:00', 'wins': 1, 'draws': 0, 'loses': 0, 'pts': 3, 'npxGD': 1.819679}, {'h_a': 'a', 'xG': 0.485679, 'xGA': 0.481404, 'npxG': 0.485679, 'npxGA': 0.481404, 'ppda': {'att': 296, 'def': 23}, 'ppda_allowed': {'att': 226, 'def': 15}, 'deep': 5, 'deep_allowed': 4, 'scored': 0, 'missed': 1, 'xpts': 1.2709, 'result': 'l', 'date': '2025-08-31 15:30:00', 'wins': 0, 'draws': 0, 'loses': 1, 'pts': 0, 'npxGD': 0.004275000000000029}, {'h_a': 'h', 'xG': 2.8817, 'xGA': 0.293681, 'npxG': 2.8817, 'npxGA': 0.293681, 'ppda': {'att': 219, 'def': 20}, 'ppda_allowed': {'att': 291, 'def': 20}, 'deep': 10, 'deep_allowed': 1, 'scored': 3, 'missed': 0, 'xpts': 2.8737, 'result': 'w', 'date': '2025-09-13 11:30:00', 'wins': 1, 'draws': 0, 'loses': 0, 'pts': 3, 'npxGD': 2.588019}, {'h_a': 'h', 'xG': 0.718575, 'xGA': 1.1227, 'npxG': 0.718575, 'npxGA': 1.1227, 'ppda': {'att': 150, 'def': 22}, 'ppda_allowed': {'att': 323, 'def': 19}, 'deep': 10, 'deep_allowed': 3, 'scored': 1, 'missed': 1, 'xpts': 0.9305000000000001, 'result': 'd', 'date': '2025-09-21 15:30:00', 'wins': 0, 'draws': 1, 'loses': 0, 'pts': 1, 'npxGD': -0.40412500000000007}, {'h_a': 'a', 'xG': 2.07048, 'xGA': 0.739851, 'npxG': 2.07048, 'npxGA': 0.739851, 'ppda': {'att': 145, 'def': 20}, 'ppda_allowed': {'att': 247, 'def': 15}, 'deep': 13, 'deep_allowed': 4, 'scored': 2, 'missed': 1, 'xpts': 2.3387999999999995, 'result': 'w', 'date': '2025-09-28 15:30:00', 'wins': 1, 'draws': 0, 'loses': 0, 'pts': 3, 'npxGD': 1.3306289999999998}, {'h_a': 'h', 'xG': 3.0585, 'xGA': 0.864549, 'npxG': 2.29733, 'npxGA': 0.864549, 'ppda': {'att': 139, 'def': 33}, 'ppda_allowed': {'att': 326, 'def': 13}, 'deep': 17, 'deep_allowed': 3, 'scored': 2, 'missed': 0, 'xpts': 2.7519, 'result': 'w', 'date': '2025-10-04 14:00:00', 'wins': 1, 'draws': 0, 'loses': 0, 'pts': 3, 'npxGD': 1.432781}, {'h_a': 'a', 'xG': 2.07823, 'xGA': 0.502332, 'npxG': 2.07823, 'npxGA': 0.502332, 'ppda': {'att': 180, 'def': 6}, 'ppda_allowed': {'att': 291, 'def': 16}, 'deep': 14, 'deep_allowed': 3, 'scored': 1, 'missed': 0, 'xpts': 2.5627, 'result': 'w', 'date': '2025-10-18 16:30:00', 'wins': 1, 'draws': 0, 'loses': 0, 'pts': 3, 'npxGD': 1.575898}, {'h_a': 'h', 'xG': 0.856175, 'xGA': 0.350534, 'npxG': 0.856175, 'npxGA': 0.350534, 'ppda': {'att': 211, 'def': 17}, 'ppda_allowed': {'att': 311, 'def': 11}, 'deep': 5, 'deep_allowed': 1, 'scored': 1, 'missed': 0, 'xpts': 1.8296999999999999, 'result': 'w', 'date': '2025-10-26 13:00:00', 'wins': 1, 'draws': 0, 'loses': 0, 'pts': 3, 'npxGD': 0.505641}, {'h_a': 'a', 'xG': 2.51649, 'xGA': 0.679177, 'npxG': 2.51649, 'npxGA': 0.679177, 'ppda': {'att': 231, 'def': 19}, 'ppda_allowed': {'att': 311, 'def': 20}, 'deep': 9, 'deep_allowed': 3, 'scored': 2, 'missed': 0, 'xpts': 2.64, 'result': 'w', 'date': '2025-11-01 15:00:00', 'wins': 1, 'draws': 0, 'loses': 0, 'pts': 3, 'npxGD': 1.837313}, {'h_a': 'a', 'xG': 2.32943, 'xGA': 1.20495, 'npxG': 2.32943, 'npxGA': 1.20495, 'ppda': {'att': 151, 'def': 16}, 'ppda_allowed': {'att': 202, 'def': 15}, 'deep': 11, 'deep_allowed': 7, 'scored': 2, 'missed': 2, 'xpts': 2.1799, 'result': 'd', 'date': '2025-11-08 17:30:00', 'wins': 0, 'draws': 1, 'loses': 0, 'pts': 1, 'npxGD': 1.12448}]"
86,Newcastle United,"[{'h_a': 'a', 'xG': 1.40098, 'xGA': 0.318601, 'npxG': 1.40098, 'npxGA': 0.318601, 'ppda': {'att': 146, 'def': 24}, 'ppda_allowed': {'att': 227, 'def': 12}, 'deep': 6, 'deep_allowed': 2, 'scored': 0, 'missed': 0, 'xpts': 2.3370999999999995, 'result': 'd', 'date': '2025-08-16 11:30:00', 'wins': 0, 'draws': 1, 'loses': 0, 'pts': 1, 'npxGD': 1.082379}, {'h_a': 'h', 'xG': 1.96342, 'xGA': 0.646559, 'npxG': 1.96342, 'npxGA': 0.646559, 'ppda': {'att': 265, 'def': 22}, 'ppda_allowed': {'att': 106, 'def': 14}, 'deep': 3, 'deep_allowed': 6, 'scored': 2, 'missed': 3, 'xpts': 2.4272, 'result': 'l', 'date': '2025-08-25 19:00:00', 'wins': 0, 'draws': 0, 'loses': 1, 'pts': 0, 'npxGD': 1.3168609999999998}, {'h_a': 'a', 'xG': 0.303635, 'xGA': 0.6773, 'npxG': 0.303635, 'npxGA': 0.6773, 'ppda': {'att': 236, 'def': 21}, 'ppda_allowed': {'att': 327, 'def': 22}, 'deep': 5, 'deep_allowed': 5, 'scored': 0, 'missed': 0, 'xpts': 0.8724, 'result': 'd', 'date': '2025-08-30 16:30:00', 'wins': 0, 'draws': 1, 'loses': 0, 'pts': 1, 'npxGD': -0.373665}, {'h_a': 'h', 'xG': 1.19186, 'xGA': 0.375942, 'npxG': 1.19186, 'npxGA': 0.375942, 'ppda': {'att': 169, 'def': 16}, 'ppda_allowed': {'att': 217, 'def': 24}, 'deep': 12, 'deep_allowed': 3, 'scored': 1, 'missed': 0, 'xpts': 2.1553, 'result': 'w', 'date': '2025-09-13 14:00:00', 'wins': 1, 'draws': 0, 'loses': 0, 'pts': 3, 'npxGD': 0.8159179999999999}, {'h_a': 'a', 'xG': 0.153629, 'xGA': 0.55066, 'npxG': 0.153629, 'npxGA': 0.55066, 'ppda': {'att': 279, 'def': 17}, 'ppda_allowed': {'att': 184, 'def': 22}, 'deep': 6, 'deep_allowed': 4, 'scored': 0, 'missed': 0, 'xpts': 0.7742, 'result': 'd', 'date': '2025-09-21 13:00:00', 'wins': 0, 'draws': 1, 'loses': 0, 'pts': 1, 'npxGD': -0.397031}, {'h_a': 'h', 'xG': 0.739851, 'xGA': 2.07048, 'npxG': 0.739851, 'npxGA': 2.07048, 'ppda': {'att': 247, 'def': 15}, 'ppda_allowed': {'att': 145, 'def': 20}, 'deep': 4, 'deep_allowed': 13, 'scored': 1, 'missed': 2, 'xpts': 0.474, 'result': 'l', 'date': '2025-09-28 15:30:00', 'wins': 0, 'draws': 0, 'loses': 1, 'pts': 0, 'npxGD': -1.3306289999999998}, {'h_a': 'h', 'xG': 3.81662, 'xGA': 0.337689, 'npxG': 3.05545, 'npxGA': 0.337689, 'ppda': {'att': 264, 'def': 33}, 'ppda_allowed': {'att': 232, 'def': 21}, 'deep': 13, 'deep_allowed': 4, 'scored': 2, 'missed': 0, 'xpts': 2.9546, 'result': 'w', 'date': '2025-10-05 13:00:00', 'wins': 1, 'draws': 0, 'loses': 0, 'pts': 3, 'npxGD': 2.717761}, {'h_a': 'a', 'xG': 1.28313, 'xGA': 0.857104, 'npxG': 1.28313, 'npxGA': 0.857104, 'ppda': {'att': 241, 'def': 25}, 'ppda_allowed': {'att': 295, 'def': 22}, 'deep': 9, 'deep_allowed': 8, 'scored': 1, 'missed': 2, 'xpts': 1.7094, 'result': 'l', 'date': '2025-10-18 14:00:00', 'wins': 0, 'draws': 0, 'loses': 1, 'pts': 0, 'npxGD': 0.4260260000000001}, {'h_a': 'h', 'xG': 2.76806, 'xGA': 1.52001, 'npxG': 2.76806, 'npxGA': 1.52001, 'ppda': {'att': 253, 'def': 28}, 'ppda_allowed': {'att': 277, 'def': 29}, 'deep': 7, 'deep_allowed': 3, 'scored': 2, 'missed': 1, 'xpts': 2.2806, 'result': 'w', 'date': '2025-10-25 14:00:00', 'wins': 1, 'draws': 0, 'loses': 0, 'pts': 3, 'npxGD': 1.24805}, {'h_a': 'a', 'xG': 0.523615, 'xGA': 1.41383, 'npxG': 0.523615, 'npxGA': 1.41383, 'ppda': {'att': 151, 'def': 17}, 'ppda_allowed': {'att': 283, 'def': 12}, 'deep': 7, 'deep_allowed': 3, 'scored': 1, 'missed': 3, 'xpts': 0.5843, 'result': 'l', 'date': '2025-11-02 14:00:00', 'wins': 0, 'draws': 0, 'loses': 1, 'pts': 0, 'npxGD': -0.8902149999999999}]"
87,Liverpool,"[{'h_a': 'h', 'xG': 2.33007, 'xGA': 1.57303, 'npxG': 2.33007, 'npxGA': 1.57303, 'ppda': {'att': 149, 'def': 17}, 'ppda_allowed': {'att': 278, 'def': 24}, 'deep': 9, 'deep_allowed': 8, 'scored': 4, 'missed': 2, 'xpts': 1.877, 'result': 'w', 'date': '2025-08-15 19:00:00', 'wins': 1, 'draws': 0, 'loses': 0, 'pts': 3, 'npxGD': 0.7570400000000002}, {'h_a': 'a', 'xG': 0.646559, 'xGA': 1.96342, 'npxG': 0.646559, 'npxGA': 1.96342, 'ppda': {'att': 106, 'def': 14}, 'ppda_allowed': {'att': 265, 'def': 22}, 'deep': 6, 'deep_allowed': 3, 'scored': 3, 'missed': 2, 'xpts': 0.39349999999999996, 'result': 'w', 'date': '2025-08-25 19:00:00', 'wins': 1, 'draws': 0, 'loses': 0, 'pts': 3, 'npxGD': -1.3168609999999998}, {'h_a': 'h', 'xG': 0.481404, 'xGA': 0.485679, 'npxG': 0.481404, 'npxGA': 0.485679, 'ppda': {'att': 226, 'def': 15}, 'ppda_allowed': {'att': 296, 'def': 23}, 'deep': 4, 'deep_allowed': 5, 'scored': 1, 'missed': 0, 'xpts': 1.2667, 'result': 'w', 'date': '2025-08-31 15:30:00', 'wins': 1, 'draws': 0, 'loses': 0, 'pts': 3, 'npxGD': -0.004275000000000029}, {'h_a': 'a', 'xG': 2.79492, 'xGA': 0.168041, 'npxG': 2.03375, 'npxGA': 0.168041, 'ppda': {'att': 58, 'def': 14}, 'ppda_allowed': {'att': 244, 'def': 22}, 'deep': 17, 'deep_allowed': 0, 'scored': 1, 'missed': 0, 'xpts': 2.9114999999999998, 'result': 'w', 'date': '2025-09-14 13:00:00', 'wins': 1, 'draws': 0, 'loses': 0, 'pts': 3, 'npxGD': 1.8657089999999998}, {'h_a': 'h', 'xG': 1.06166, 'xGA': 0.721371, 'npxG': 1.06166, 'npxGA': 0.721371, 'ppda': {'att': 153, 'def': 26}, 'ppda_allowed': {'att': 260, 'def': 23}, 'deep': 12, 'deep_allowed': 9, 'scored': 2, 'missed': 1, 'xpts': 1.6665, 'result': 'w', 'date': '2025-09-20 11:30:00', 'wins': 1, 'draws': 0, 'loses': 0, 'pts': 3, 'npxGD': 0.34028900000000006}, {'h_a': 'a', 'xG': 3.10176, 'xGA': 3.53323, 'npxG': 3.10176, 'npxGA': 3.53323, 'ppda': {'att': 120, 'def': 14}, 'ppda_allowed': {'att': 390, 'def': 16}, 'deep': 5, 'deep_allowed': 12, 'scored': 1, 'missed': 2, 'xpts': 1.1448, 'result': 'l', 'date': '2025-09-27 14:00:00', 'wins': 0, 'draws': 0, 'loses': 1, 'pts': 0, 'npxGD': -0.43147}, {'h_a': 'a', 'xG': 2.05981, 'xGA': 1.23721, 'npxG': 2.05981, 'npxGA': 1.23721, 'ppda': {'att': 274, 'def': 16}, 'ppda_allowed': {'att': 266, 'def': 20}, 'deep': 9, 'deep_allowed': 6, 'scored': 1, 'missed': 2, 'xpts': 2.0083, 'result': 'l', 'date': '2025-10-04 16:30:00', 'wins': 0, 'draws': 0, 'loses': 1, 'pts': 0, 'npxGD': 0.8226000000000002}, {'h_a': 'h', 'xG': 2.60972, 'xGA': 2.53117, 'npxG': 2.60972, 'npxGA': 2.53117, 'ppda': {'att': 122, 'def': 16}, 'ppda_allowed': {'att': 244, 'def': 14}, 'deep': 10, 'deep_allowed': 6, 'scored': 1, 'missed': 2, 'xpts': 1.4439000000000002, 'result': 'l', 'date': '2025-10-19 15:30:00', 'wins': 0, 'draws': 0, 'loses': 1, 'pts': 0, 'npxGD': 0.0785499999999999}, {'h_a': 'a', 'xG': 2.11838, 'xGA': 3.27126, 'npxG': 2.11838, 'npxGA': 2.5101, 'ppda': {'att': 124, 'def': 20}, 'ppda_allowed': {'att': 280, 'def': 20}, 'deep': 10, 'deep_allowed': 5, 'scored': 2, 'missed': 3, 'xpts': 0.6868, 'result': 'l', 'date': '2025-10-25 19:00:00', 'wins': 0, 'draws': 0, 'loses': 1, 'pts': 0, 'npxGD': -0.39171999999999985}, {'h_a': 'h', 'xG': 1.47021, 'xGA': 0.43502, 'npxG': 1.47021, 'npxGA': 0.43502, 'ppda': {'att': 219, 'def': 20}, 'ppda_allowed': {'att': 257, 'def': 16}, 'deep': 12, 'deep_allowed': 6, 'scored': 2, 'missed': 0, 'xpts': 2.2034, 'result': 'w', 'date': '2025-11-01 20:00:00', 'wins': 1, 'draws': 0, 'loses': 0, 'pts': 3, 'npxGD': 1.03519}]"
88,Manchester City,"[{'h_a': 'a', 'xG': 2.29903, 'xGA': 0.519436, 'npxG': 2.29903, 'npxGA': 0.519436, 'ppda': {'att': 236, 'def': 20}, 'ppda_allowed': {'att': 351, 'def': 29}, 'deep': 8, 'deep_allowed': 4, 'scored': 4, 'missed': 0, 'xpts': 2.6430000000000002, 'result': 'w', 'date': '2025-08-16 16:30:00', 'wins': 1, 'draws': 0, 'loses': 0, 'pts': 3, 'npxGD': 1.7795940000000001}, {'h_a': 'h', 'xG': 1.2475, 'xGA': 1.28015, 'npxG': 1.2475, 'npxGA': 1.28015, 'ppda': {'att': 188, 'def': 18}, 'ppda_allowed': {'att': 292, 'def': 22}, 'deep': 8, 'deep_allowed': 4, 'scored': 0, 'missed': 2, 'xpts': 1.3467, 'result': 'l', 'date': '2025-08-23 11:30:00', 'wins': 0, 'draws': 0, 'loses': 1, 'pts': 0, 'npxGD': -0.032649999999999846}, {'h_a': 'a', 'xG': 2.13418, 'xGA': 2.20864, 'npxG': 2.13418, 'npxGA': 1.44747, 'ppda': {'att': 179, 'def': 15}, 'ppda_allowed': {'att': 319, 'def': 27}, 'deep': 9, 'deep_allowed': 4, 'scored': 1, 'missed': 2, 'xpts': 1.3064, 'result': 'l', 'date': '2025-08-31 13:00:00', 'wins': 0, 'draws': 0, 'loses': 1, 'pts': 0, 'npxGD': 0.6867100000000002}, {'h_a': 'h', 'xG': 1.99725, 'xGA': 1.51915, 'npxG': 1.99725, 'npxGA': 1.51915, 'ppda': {'att': 269, 'def': 14}, 'ppda_allowed': {'att': 240, 'def': 26}, 'deep': 8, 'deep_allowed': 8, 'scored': 3, 'missed': 0, 'xpts': 1.697, 'result': 'w', 'date': '2025-09-14 15:30:00', 'wins': 1, 'draws': 0, 'loses': 0, 'pts': 3, 'npxGD': 0.47809999999999997}, {'h_a': 'a', 'xG': 1.1227, 'xGA': 0.718575, 'npxG': 1.1227, 'npxGA': 0.718575, 'ppda': {'att': 323, 'def': 19}, 'ppda_allowed': {'att': 150, 'def': 22}, 'deep': 3, 'deep_allowed': 10, 'scored': 1, 'missed': 1, 'xpts': 1.7474, 'result': 'd', 'date': '2025-09-21 15:30:00', 'wins': 0, 'draws': 1, 'loses': 0, 'pts': 1, 'npxGD': 0.40412500000000007}, {'h_a': 'h', 'xG': 3.22133, 'xGA': 0.509491, 'npxG': 3.22133, 'npxGA': 0.509491, 'ppda': {'att': 176, 'def': 11}, 'ppda_allowed': {'att': 275, 'def': 16}, 'deep': 15, 'deep_allowed': 4, 'scored': 5, 'missed': 1, 'xpts': 2.8438999999999997, 'result': 'w', 'date': '2025-09-27 14:00:00', 'wins': 1, 'draws': 0, 'loses': 0, 'pts': 3, 'npxGD': 2.711839}, {'h_a': 'a', 'xG': 1.09647, 'xGA': 0.693758, 'npxG': 1.09647, 'npxGA': 0.693758, 'ppda': {'att': 189, 'def': 14}, 'ppda_allowed': {'att': 399, 'def': 30}, 'deep': 9, 'deep_allowed': 2, 'scored': 1, 'missed': 0, 'xpts': 1.6665, 'result': 'w', 'date': '2025-10-05 15:30:00', 'wins': 1, 'draws': 0, 'loses': 0, 'pts': 3, 'npxGD': 0.40271200000000007}, {'h_a': 'h', 'xG': 2.4799, 'xGA': 0.794622, 'npxG': 2.4799, 'npxGA': 0.794622, 'ppda': {'att': 157, 'def': 18}, 'ppda_allowed': {'att': 434, 'def': 26}, 'deep': 15, 'deep_allowed': 4, 'scored': 2, 'missed': 0, 'xpts': 2.5183, 'result': 'w', 'date': '2025-10-18 14:00:00', 'wins': 1, 'draws': 0, 'loses': 0, 'pts': 3, 'npxGD': 1.6852780000000003}, {'h_a': 'a', 'xG': 1.36914, 'xGA': 0.843906, 'npxG': 1.36914, 'npxGA': 0.843906, 'ppda': {'att': 287, 'def': 28}, 'ppda_allowed': {'att': 246, 'def': 11}, 'deep': 11, 'deep_allowed': 8, 'scored': 0, 'missed': 1, 'xpts': 1.7647, 'result': 'l', 'date': '2025-10-26 13:00:00', 'wins': 0, 'draws': 0, 'loses': 1, 'pts': 0, 'npxGD': 0.525234}, {'h_a': 'h', 'xG': 2.48999, 'xGA': 0.899846, 'npxG': 2.48999, 'npxGA': 0.899846, 'ppda': {'att': 323, 'def': 16}, 'ppda_allowed': {'att': 258, 'def': 23}, 'deep': 8, 'deep_allowed': 4, 'scored': 3, 'missed': 1, 'xpts': 2.4677000000000002, 'result': 'w', 'date': '2025-11-02 16:30:00', 'wins': 1, 'draws': 0, 'loses': 0, 'pts': 3, 'npxGD': 1.590144}]"
89,Manchester United,"[{'h_a': 'h', 'xG': 1.37653, 'xGA': 1.3304, 'npxG': 1.37653, 'npxGA': 1.3304, 'ppda': {'att': 166, 'def': 21}, 'ppda_allowed': {'att': 259, 'def': 23}, 'deep': 7, 'deep_allowed': 3, 'scored': 0, 'missed': 1, 'xpts': 1.3298, 'result': 'l', 'date': '2025-08-17 15:30:00', 'wins': 0, 'draws': 0, 'loses': 1, 'pts': 0, 'npxGD': 0.046130000000000004}, {'h_a': 'a', 'xG': 1.54603, 'xGA': 1.65333, 'npxG': 0.784858, 'npxGA': 1.65333, 'ppda': {'att': 196, 'def': 18}, 'ppda_allowed': {'att': 218, 'def': 22}, 'deep': 11, 'deep_allowed': 11, 'scored': 1, 'missed': 1, 'xpts': 1.2692, 'result': 'd', 'date': '2025-08-24 15:30:00', 'wins': 0, 'draws': 1, 'loses': 0, 'pts': 1, 'npxGD': -0.868472}, {'h_a': 'h', 'xG': 4.02237, 'xGA': 1.32618, 'npxG': 3.2612, 'npxGA': 1.32618, 'ppda': {'att': 167, 'def': 11}, 'ppda_allowed': {'att': 272, 'def': 17}, 'deep': 8, 'deep_allowed': 3, 'scored': 3, 'missed': 2, 'xpts': 2.7985, 'result': 'w', 'date': '2025-08-30 14:00:00', 'wins': 1, 'draws': 0, 'loses': 0, 'pts': 3, 'npxGD': 1.9350200000000002}, {'h_a': 'a', 'xG': 1.51915, 'xGA': 1.99725, 'npxG': 1.51915, 'npxGA': 1.99725, 'ppda': {'att': 240, 'def': 26}, 'ppda_allowed': {'att': 269, 'def': 14}, 'deep': 8, 'deep_allowed': 8, 'scored': 0, 'missed': 3, 'xpts': 1.0457, 'result': 'l', 'date': '2025-09-14 15:30:00', 'wins': 0, 'draws': 0, 'loses': 1, 'pts': 0, 'npxGD': -0.47809999999999997}, {'h_a': 'h', 'xG': 1.34458, 'xGA': 0.469843, 'npxG': 1.34458, 'npxGA': 0.469843, 'ppda': {'att': 337, 'def': 26}, 'ppda_allowed': {'att': 184, 'def': 14}, 'deep': 4, 'deep_allowed': 5, 'scored': 2, 'missed': 1, 'xpts': 2.163, 'result': 'w', 'date': '2025-09-20 16:30:00', 'wins': 1, 'draws': 0, 'loses': 0, 'pts': 3, 'npxGD': 0.8747370000000001}, {'h_a': 'a', 'xG': 2.23609, 'xGA': 2.78726, 'npxG': 1.47492, 'npxGA': 2.78726, 'ppda': {'att': 194, 'def': 16}, 'ppda_allowed': {'att': 293, 'def': 25}, 'deep': 1, 'deep_allowed': 6, 'scored': 1, 'missed': 3, 'xpts': 0.9664, 'result': 'l', 'date': '2025-09-27 11:30:00', 'wins': 0, 'draws': 0, 'loses': 1, 'pts': 0, 'npxGD': -1.3123399999999998}, {'h_a': 'h', 'xG': 1.9298, 'xGA': 0.807119, 'npxG': 1.9298, 'npxGA': 0.807119, 'ppda': {'att': 234, 'def': 23}, 'ppda_allowed': {'att': 244, 'def': 25}, 'deep': 7, 'deep_allowed': 3, 'scored': 2, 'missed': 0, 'xpts': 2.2545, 'result': 'w', 'date': '2025-10-04 14:00:00', 'wins': 1, 'draws': 0, 'loses': 0, 'pts': 3, 'npxGD': 1.122681}, {'h_a': 'a', 'xG': 2.53117, 'xGA': 2.60972, 'npxG': 2.53117, 'npxGA': 2.60972, 'ppda': {'att': 244, 'def': 14}, 'ppda_allowed': {'att': 122, 'def': 16}, 'deep': 6, 'deep_allowed': 10, 'scored': 2, 'missed': 1, 'xpts': 1.3212000000000002, 'result': 'w', 'date': '2025-10-19 15:30:00', 'wins': 1, 'draws': 0, 'loses': 0, 'pts': 3, 'npxGD': -0.0785499999999999}, {'h_a': 'h', 'xG': 1.96231, 'xGA': 0.947154, 'npxG': 1.96231, 'npxGA': 0.947154, 'ppda': {'att': 391, 'def': 28}, 'ppda_allowed': {'att': 209, 'def': 33}, 'deep': 9, 'deep_allowed': 5, 'scored': 4, 'missed': 2, 'xpts': 2.1264000000000003, 'result': 'w', 'date': '2025-10-25 16:30:00', 'wins': 1, 'draws': 0, 'loses': 0, 'pts': 3, 'npxGD': 1.015156}, {'h_a': 'a', 'xG': 0.91622, 'xGA': 1.55066, 'npxG': 0.91622, 'npxGA': 1.55066, 'ppda': {'att': 161, 'def': 17}, 'ppda_allowed': {'att': 315, 'def': 23}, 'deep': 5, 'deep_allowed': 7, 'scored': 2, 'missed': 2, 'xpts': 0.8145, 'result': 'd', 'date': '2025-11-01 15:00:00', 'wins': 0, 'draws': 1, 'loses': 0, 'pts': 1, 'npxGD': -0.6344399999999999}, {'h_a': 'a', 'xG': 0.820256, 'xGA': 1.35532, 'npxG': 0.820256, 'npxGA': 1.35532, 'ppda': {'att': 253, 'def': 19}, 'ppda_allowed': {'att': 224, 'def': 29}, 'deep': 3, 'deep_allowed': 5, 'scored': 2, 'missed': 2, 'xpts': 0.9049, 'result': 'd', 'date': '2025-11-08 12:30:00', 'wins': 0, 'draws': 1, 'loses': 0, 'pts': 1, 'npxGD': -0.5350640000000001}]"
92,Burnley,"[{'h_a': 'a', 'xG': 0.734138, 'xGA': 1.97858, 'npxG': 0.734138, 'npxGA': 1.97858, 'ppda': {'att': 295, 'def': 17}, 'ppda_allowed': {'att': 108, 'def': 17}, 'deep': 6, 'deep_allowed': 7, 'scored': 0, 'missed': 3, 'xpts': 0.4918, 'result': 'l', 'date': '2025-08-16 14:00:00', 'wins': 0, 'draws': 0, 'loses': 1, 'pts': 0, 'npxGD': -1.244442}, {'h_a': 'h', 'xG': 1.00381, 'xGA': 1.12127, 'npxG': 1.00381, 'npxGA': 1.12127, 'ppda': {'att': 324, 'def': 21}, 'ppda_allowed': {'att': 247, 'def': 12}, 'deep': 4, 'deep_allowed': 4, 'scored': 2, 'missed': 0, 'xpts': 1.2227, 'result': 'w', 'date': '2025-08-23 14:00:00', 'wins': 1, 'draws': 0, 'loses': 0, 'pts': 3, 'npxGD': -0.1174599999999999}, {'h_a': 'a', 'xG': 1.32618, 'xGA': 4.02237, 'npxG': 1.32618, 'npxGA': 3.2612, 'ppda': {'att': 272, 'def': 17}, 'ppda_allowed': {'att': 167, 'def': 11}, 'deep': 3, 'deep_allowed': 8, 'scored': 2, 'missed': 3, 'xpts': 0.136, 'result': 'l', 'date': '2025-08-30 14:00:00', 'wins': 0, 'draws': 0, 'loses': 1, 'pts': 0, 'npxGD': -1.9350200000000002}, {'h_a': 'h', 'xG': 0.168041, 'xGA': 2.79492, 'npxG': 0.168041, 'npxGA': 2.03375, 'ppda': {'att': 244, 'def': 22}, 'ppda_allowed': {'att': 58, 'def': 14}, 'deep': 0, 'deep_allowed': 17, 'scored': 0, 'missed': 1, 'xpts': 0.0498, 'result': 'l', 'date': '2025-09-14 13:00:00', 'wins': 0, 'draws': 0, 'loses': 1, 'pts': 0, 'npxGD': -1.8657089999999998}, {'h_a': 'h', 'xG': 1.14159, 'xGA': 0.830779, 'npxG': 1.14159, 'npxGA': 0.830779, 'ppda': {'att': 340, 'def': 18}, 'ppda_allowed': {'att': 191, 'def': 21}, 'deep': 4, 'deep_allowed': 10, 'scored': 1, 'missed': 1, 'xpts': 1.6359, 'result': 'd', 'date': '2025-09-20 14:00:00', 'wins': 0, 'draws': 1, 'loses': 0, 'pts': 1, 'npxGD': 0.31081100000000006}, {'h_a': 'a', 'xG': 0.509491, 'xGA': 3.22133, 'npxG': 0.509491, 'npxGA': 3.22133, 'ppda': {'att': 275, 'def': 16}, 'ppda_allowed': {'att': 176, 'def': 11}, 'deep': 4, 'deep_allowed': 15, 'scored': 1, 'missed': 5, 'xpts': 0.0959, 'result': 'l', 'date': '2025-09-27 14:00:00', 'wins': 0, 'draws': 0, 'loses': 1, 'pts': 0, 'npxGD': -2.711839}, {'h_a': 'a', 'xG': 0.502292, 'xGA': 1.73572, 'npxG': 0.502292, 'npxGA': 1.73572, 'ppda': {'att': 328, 'def': 42}, 'ppda_allowed': {'att': 229, 'def': 18}, 'deep': 1, 'deep_allowed': 8, 'scored': 1, 'missed': 2, 'xpts': 0.4577, 'result': 'l', 'date': '2025-10-05 13:00:00', 'wins': 0, 'draws': 0, 'loses': 1, 'pts': 0, 'npxGD': -1.233428}, {'h_a': 'h', 'xG': 0.509647, 'xGA': 2.33152, 'npxG': 0.509647, 'npxGA': 2.33152, 'ppda': {'att': 332, 'def': 21}, 'ppda_allowed': {'att': 164, 'def': 21}, 'deep': 2, 'deep_allowed': 8, 'scored': 2, 'missed': 0, 'xpts': 0.22310000000000002, 'result': 'w', 'date': '2025-10-18 14:00:00', 'wins': 1, 'draws': 0, 'loses': 0, 'pts': 3, 'npxGD': -1.8218729999999999}, {'h_a': 'a', 'xG': 1.54544, 'xGA': 2.58132, 'npxG': 1.54544, 'npxGA': 1.82015, 'ppda': {'att': 262, 'def': 18}, 'ppda_allowed': {'att': 213, 'def': 24}, 'deep': 5, 'deep_allowed': 10, 'scored': 3, 'missed': 2, 'xpts': 0.6457999999999999, 'result': 'w', 'date': '2025-10-26 13:00:00', 'wins': 1, 'draws': 0, 'loses': 0, 'pts': 3, 'npxGD': -0.27471}, {'h_a': 'h', 'xG': 0.679177, 'xGA': 2.51649, 'npxG': 0.679177, 'npxGA': 2.51649, 'ppda': {'att': 311, 'def': 20}, 'ppda_allowed': {'att': 231, 'def': 19}, 'deep': 3, 'deep_allowed': 9, 'scored': 0, 'missed': 2, 'xpts': 0.2319, 'result': 'l', 'date': '2025-11-01 15:00:00', 'wins': 0, 'draws': 0, 'loses': 1, 'pts': 0, 'npxGD': -1.837313}, {'h_a': 'a', 'xG': 1.87478, 'xGA': 2.96728, 'npxG': 1.87478, 'npxGA': 2.96728, 'ppda': {'att': 200, 'def': 19}, 'ppda_allowed': {'att': 309, 'def': 20}, 'deep': 7, 'deep_allowed': 4, 'scored': 2, 'missed': 3, 'xpts': 0.5509999999999999, 'result': 'l', 'date': '2025-11-08 15:00:00', 'wins': 0, 'draws': 0, 'loses': 1, 'pts': 0, 'npxGD': -1.0925000000000002}]"
220,Brighton,"[{'h_a': 'h', 'xG': 1.44008, 'xGA': 0.902883, 'npxG': 0.678909, 'npxGA': 0.902883, 'ppda': {'att': 250, 'def': 28}, 'ppda_allowed': {'att': 292, 'def': 18}, 'deep': 5, 'deep_allowed': 6, 'scored': 1, 'missed': 1, 'xpts': 1.8562, 'result': 'd', 'date': '2025-08-16 14:00:00', 'wins': 0, 'draws': 1, 'loses': 0, 'pts': 1, 'npxGD': -0.223974}, {'h_a': 'a', 'xG': 2.08487, 'xGA': 1.80116, 'npxG': 1.3237, 'npxGA': 1.80116, 'ppda': {'att': 165, 'def': 19}, 'ppda_allowed': {'att': 301, 'def': 17}, 'deep': 8, 'deep_allowed': 5, 'scored': 0, 'missed': 2, 'xpts': 1.6155000000000002, 'result': 'l', 'date': '2025-08-24 13:00:00', 'wins': 0, 'draws': 0, 'loses': 1, 'pts': 0, 'npxGD': -0.47746}, {'h_a': 'h', 'xG': 2.20864, 'xGA': 2.13418, 'npxG': 1.44747, 'npxGA': 2.13418, 'ppda': {'att': 319, 'def': 27}, 'ppda_allowed': {'att': 179, 'def': 15}, 'deep': 4, 'deep_allowed': 9, 'scored': 2, 'missed': 1, 'xpts': 1.4209999999999998, 'result': 'w', 'date': '2025-08-31 13:00:00', 'wins': 1, 'draws': 0, 'loses': 0, 'pts': 3, 'npxGD': -0.6867100000000002}, {'h_a': 'a', 'xG': 0.624923, 'xGA': 1.44187, 'npxG': 0.624923, 'npxGA': 0.680706, 'ppda': {'att': 200, 'def': 23}, 'ppda_allowed': {'att': 195, 'def': 18}, 'deep': 3, 'deep_allowed': 5, 'scored': 1, 'missed': 2, 'xpts': 0.6141000000000001, 'result': 'l', 'date': '2025-09-13 14:00:00', 'wins': 0, 'draws': 0, 'loses': 1, 'pts': 0, 'npxGD': -0.05578300000000003}, {'h_a': 'h', 'xG': 1.40466, 'xGA': 1.19181, 'npxG': 1.40466, 'npxGA': 1.19181, 'ppda': {'att': 287, 'def': 25}, 'ppda_allowed': {'att': 155, 'def': 32}, 'deep': 4, 'deep_allowed': 14, 'scored': 2, 'missed': 2, 'xpts': 1.5372999999999999, 'result': 'd', 'date': '2025-09-20 14:00:00', 'wins': 0, 'draws': 1, 'loses': 0, 'pts': 1, 'npxGD': 0.21284999999999998}, {'h_a': 'a', 'xG': 2.4751, 'xGA': 2.02653, 'npxG': 2.4751, 'npxGA': 2.02653, 'ppda': {'att': 266, 'def': 29}, 'ppda_allowed': {'att': 162, 'def': 19}, 'deep': 8, 'deep_allowed': 4, 'scored': 3, 'missed': 1, 'xpts': 1.7227, 'result': 'w', 'date': '2025-09-27 14:00:00', 'wins': 1, 'draws': 0, 'loses': 0, 'pts': 3, 'npxGD': 0.4485699999999997}, {'h_a': 'a', 'xG': 1.39158, 'xGA': 0.369404, 'npxG': 1.39158, 'npxGA': 0.369404, 'ppda': {'att': 216, 'def': 22}, 'ppda_allowed': {'att': 285, 'def': 21}, 'deep': 2, 'deep_allowed': 2, 'scored': 1, 'missed': 1, 'xpts': 2.2661, 'result': 'd', 'date': '2025-10-05 13:00:00', 'wins': 0, 'draws': 1, 'loses': 0, 'pts': 1, 'npxGD': 1.022176}, {'h_a': 'h', 'xG': 0.857104, 'xGA': 1.28313, 'npxG': 0.857104, 'npxGA': 1.28313, 'ppda': {'att': 295, 'def': 22}, 'ppda_allowed': {'att': 241, 'def': 25}, 'deep': 8, 'deep_allowed': 9, 'scored': 2, 'missed': 1, 'xpts': 0.9963000000000001, 'result': 'w', 'date': '2025-10-18 14:00:00', 'wins': 1, 'draws': 0, 'loses': 0, 'pts': 3, 'npxGD': -0.4260260000000001}, {'h_a': 'a', 'xG': 0.947154, 'xGA': 1.96231, 'npxG': 0.947154, 'npxGA': 1.96231, 'ppda': {'att': 209, 'def': 33}, 'ppda_allowed': {'att': 391, 'def': 28}, 'deep': 5, 'deep_allowed': 9, 'scored': 2, 'missed': 4, 'xpts': 0.6576, 'result': 'l', 'date': '2025-10-25 16:30:00', 'wins': 0, 'draws': 0, 'loses': 1, 'pts': 0, 'npxGD': -1.015156}, {'h_a': 'h', 'xG': 2.64127, 'xGA': 0.35919, 'npxG': 2.64127, 'npxGA': 0.35919, 'ppda': {'att': 311, 'def': 21}, 'ppda_allowed': {'att': 339, 'def': 15}, 'deep': 7, 'deep_allowed': 2, 'scored': 3, 'missed': 0, 'xpts': 2.8172, 'result': 'w', 'date': '2025-11-01 15:00:00', 'wins': 1, 'draws': 0, 'loses': 0, 'pts': 3, 'npxGD': 2.28208}]"
228,Fulham,"[{'h_a': 'a', 'xG': 0.902883, 'xGA': 1.44008, 'npxG': 0.902883, 'npxGA': 0.678909, 'ppda': {'att': 292, 'def': 18}, 'ppda_allowed': {'att': 250, 'def': 28}, 'deep': 6, 'deep_allowed': 5, 'scored': 1, 'missed': 1, 'xpts': 0.835, 'result': 'd', 'date': '2025-08-16 14:00:00', 'wins': 0, 'draws': 1, 'loses': 0, 'pts': 1, 'npxGD': 0.223974}, {'h_a': 'h', 'xG': 1.65333, 'xGA': 1.54603, 'npxG': 1.65333, 'npxGA': 0.784858, 'ppda': {'att': 218, 'def': 22}, 'ppda_allowed': {'att': 196, 'def': 18}, 'deep': 11, 'deep_allowed': 11, 'scored': 1, 'missed': 1, 'xpts': 1.4455999999999998, 'result': 'd', 'date': '2025-08-24 15:30:00', 'wins': 0, 'draws': 1, 'loses': 0, 'pts': 1, 'npxGD': 0.868472}, {'h_a': 'a', 'xG': 0.736228, 'xGA': 2.4324, 'npxG': 0.736228, 'npxGA': 1.67123, 'ppda': {'att': 293, 'def': 27}, 'ppda_allowed': {'att': 233, 'def': 25}, 'deep': 9, 'deep_allowed': 4, 'scored': 0, 'missed': 2, 'xpts': 0.2994, 'result': 'l', 'date': '2025-08-30 11:30:00', 'wins': 0, 'draws': 0, 'loses': 1, 'pts': 0, 'npxGD': -0.935002}, {'h_a': 'h', 'xG': 1.13979, 'xGA': 0.830398, 'npxG': 1.13979, 'npxGA': 0.830398, 'ppda': {'att': 218, 'def': 23}, 'ppda_allowed': {'att': 242, 'def': 18}, 'deep': 4, 'deep_allowed': 5, 'scored': 1, 'missed': 0, 'xpts': 1.6496, 'result': 'w', 'date': '2025-09-13 14:00:00', 'wins': 1, 'draws': 0, 'loses': 0, 'pts': 3, 'npxGD': 0.3093920000000001}, {'h_a': 'h', 'xG': 1.52431, 'xGA': 0.826556, 'npxG': 1.52431, 'npxGA': 0.826556, 'ppda': {'att': 258, 'def': 13}, 'ppda_allowed': {'att': 283, 'def': 21}, 'deep': 5, 'deep_allowed': 3, 'scored': 3, 'missed': 1, 'xpts': 1.9517, 'result': 'w', 'date': '2025-09-20 19:00:00', 'wins': 1, 'draws': 0, 'loses': 0, 'pts': 3, 'npxGD': 0.6977540000000001}, {'h_a': 'a', 'xG': 0.952612, 'xGA': 1.36575, 'npxG': 0.952612, 'npxGA': 1.36575, 'ppda': {'att': 249, 'def': 18}, 'ppda_allowed': {'att': 243, 'def': 14}, 'deep': 4, 'deep_allowed': 6, 'scored': 1, 'missed': 3, 'xpts': 0.9763999999999999, 'result': 'l', 'date': '2025-09-28 13:00:00', 'wins': 0, 'draws': 0, 'loses': 1, 'pts': 0, 'npxGD': -0.413138}, {'h_a': 'a', 'xG': 0.84335, 'xGA': 1.33458, 'npxG': 0.84335, 'npxGA': 1.33458, 'ppda': {'att': 268, 'def': 14}, 'ppda_allowed': {'att': 235, 'def': 17}, 'deep': 10, 'deep_allowed': 13, 'scored': 1, 'missed': 3, 'xpts': 0.8946999999999998, 'result': 'l', 'date': '2025-10-03 19:00:00', 'wins': 0, 'draws': 0, 'loses': 1, 'pts': 0, 'npxGD': -0.49123000000000006}, {'h_a': 'h', 'xG': 0.502332, 'xGA': 2.07823, 'npxG': 0.502332, 'npxGA': 2.07823, 'ppda': {'att': 291, 'def': 16}, 'ppda_allowed': {'att': 180, 'def': 6}, 'deep': 3, 'deep_allowed': 14, 'scored': 0, 'missed': 1, 'xpts': 0.29500000000000004, 'result': 'l', 'date': '2025-10-18 16:30:00', 'wins': 0, 'draws': 0, 'loses': 1, 'pts': 0, 'npxGD': -1.575898}, {'h_a': 'a', 'xG': 1.52001, 'xGA': 2.76806, 'npxG': 1.52001, 'npxGA': 2.76806, 'ppda': {'att': 277, 'def': 29}, 'ppda_allowed': {'att': 253, 'def': 28}, 'deep': 3, 'deep_allowed': 7, 'scored': 1, 'missed': 2, 'xpts': 0.534, 'result': 'l', 'date': '2025-10-25 14:00:00', 'wins': 0, 'draws': 0, 'loses': 1, 'pts': 0, 'npxGD': -1.24805}, {'h_a': 'h', 'xG': 1.91207, 'xGA': 0.209934, 'npxG': 1.91207, 'npxGA': 0.209934, 'ppda': {'att': 154, 'def': 12}, 'ppda_allowed': {'att': 341, 'def': 16}, 'deep': 11, 'deep_allowed': 4, 'scored': 3, 'missed': 0, 'xpts': 2.6905, 'result': 'w', 'date': '2025-11-01 15:00:00', 'wins': 1, 'draws': 0, 'loses': 0, 'pts': 3, 'npxGD': 1.7021359999999999}, {'h_a': 'a', 'xG': 0.424478, 'xGA': 2.30607, 'npxG': 0.424478, 'npxGA': 2.30607, 'ppda': {'att': 198, 'def': 20}, 'ppda_allowed': {'att': 258, 'def': 17}, 'deep': 7, 'deep_allowed': 5, 'scored': 0, 'missed': 2, 'xpts': 0.21400000000000002, 'result': 'l', 'date': '2025-11-08 15:00:00', 'wins': 0, 'draws': 0, 'loses': 1, 'pts': 0, 'npxGD': -1.881592}]"
229,Wolverhampton Wanderers,"[{'h_a': 'h', 'xG': 0.519436, 'xGA': 2.29903, 'npxG': 0.519436, 'npxGA': 2.29903, 'ppda': {'att': 351, 'def': 29}, 'ppda_allowed': {'att': 236, 'def': 20}, 'deep': 4, 'deep_allowed': 8, 'scored': 0, 'missed': 4, 'xpts': 0.2391, 'result': 'l', 'date': '2025-08-16 16:30:00', 'wins': 0, 'draws': 0, 'loses': 1, 'pts': 0, 'npxGD': -1.7795940000000001}, {'h_a': 'a', 'xG': 0.373367, 'xGA': 1.78462, 'npxG': 0.373367, 'npxGA': 1.78462, 'ppda': {'att': 219, 'def': 21}, 'ppda_allowed': {'att': 147, 'def': 25}, 'deep': 3, 'deep_allowed': 6, 'scored': 0, 'missed': 1, 'xpts': 0.3052, 'result': 'l', 'date': '2025-08-23 14:00:00', 'wins': 0, 'draws': 0, 'loses': 1, 'pts': 0, 'npxGD': -1.411253}, {'h_a': 'h', 'xG': 0.943257, 'xGA': 2.03791, 'npxG': 0.943257, 'npxGA': 2.03791, 'ppda': {'att': 158, 'def': 27}, 'ppda_allowed': {'att': 311, 'def': 26}, 'deep': 5, 'deep_allowed': 11, 'scored': 2, 'missed': 3, 'xpts': 0.5699, 'result': 'l', 'date': '2025-08-30 14:00:00', 'wins': 0, 'draws': 0, 'loses': 1, 'pts': 0, 'npxGD': -1.094653}, {'h_a': 'a', 'xG': 0.375942, 'xGA': 1.19186, 'npxG': 0.375942, 'npxGA': 1.19186, 'ppda': {'att': 217, 'def': 24}, 'ppda_allowed': {'att': 169, 'def': 16}, 'deep': 3, 'deep_allowed': 12, 'scored': 0, 'missed': 1, 'xpts': 0.5596, 'result': 'l', 'date': '2025-09-13 14:00:00', 'wins': 0, 'draws': 0, 'loses': 1, 'pts': 0, 'npxGD': -0.8159179999999999}, {'h_a': 'h', 'xG': 1.5661, 'xGA': 0.456988, 'npxG': 1.5661, 'npxGA': 0.456988, 'ppda': {'att': 274, 'def': 25}, 'ppda_allowed': {'att': 277, 'def': 21}, 'deep': 10, 'deep_allowed': 7, 'scored': 1, 'missed': 3, 'xpts': 2.2899999999999996, 'result': 'l', 'date': '2025-09-20 14:00:00', 'wins': 0, 'draws': 0, 'loses': 1, 'pts': 0, 'npxGD': 1.109112}, {'h_a': 'a', 'xG': 1.15951, 'xGA': 0.818711, 'npxG': 1.15951, 'npxGA': 0.818711, 'ppda': {'att': 190, 'def': 20}, 'ppda_allowed': {'att': 237, 'def': 14}, 'deep': 4, 'deep_allowed': 5, 'scored': 1, 'missed': 1, 'xpts': 1.6705, 'result': 'd', 'date': '2025-09-27 19:00:00', 'wins': 0, 'draws': 1, 'loses': 0, 'pts': 1, 'npxGD': 0.3407990000000001}, {'h_a': 'h', 'xG': 0.369404, 'xGA': 1.39158, 'npxG': 0.369404, 'npxGA': 1.39158, 'ppda': {'att': 285, 'def': 21}, 'ppda_allowed': {'att': 216, 'def': 22}, 'deep': 2, 'deep_allowed': 2, 'scored': 1, 'missed': 1, 'xpts': 0.4865, 'result': 'd', 'date': '2025-10-05 13:00:00', 'wins': 0, 'draws': 1, 'loses': 0, 'pts': 1, 'npxGD': -1.022176}, {'h_a': 'a', 'xG': 0.676323, 'xGA': 1.02481, 'npxG': 0.676323, 'npxGA': 1.02481, 'ppda': {'att': 157, 'def': 30}, 'ppda_allowed': {'att': 255, 'def': 7}, 'deep': 11, 'deep_allowed': 6, 'scored': 0, 'missed': 2, 'xpts': 0.9793000000000001, 'result': 'l', 'date': '2025-10-18 14:00:00', 'wins': 0, 'draws': 0, 'loses': 1, 'pts': 0, 'npxGD': -0.348487}, {'h_a': 'h', 'xG': 2.58132, 'xGA': 1.54544, 'npxG': 1.82015, 'npxGA': 1.54544, 'ppda': {'att': 213, 'def': 24}, 'ppda_allowed': {'att': 262, 'def': 18}, 'deep': 10, 'deep_allowed': 5, 'scored': 2, 'missed': 3, 'xpts': 2.141, 'result': 'l', 'date': '2025-10-26 13:00:00', 'wins': 0, 'draws': 0, 'loses': 1, 'pts': 0, 'npxGD': 0.27471}, {'h_a': 'a', 'xG': 0.209934, 'xGA': 1.91207, 'npxG': 0.209934, 'npxGA': 1.91207, 'ppda': {'att': 341, 'def': 16}, 'ppda_allowed': {'att': 154, 'def': 12}, 'deep': 4, 'deep_allowed': 11, 'scored': 0, 'missed': 3, 'xpts': 0.1861, 'result': 'l', 'date': '2025-11-01 15:00:00', 'wins': 0, 'draws': 0, 'loses': 1, 'pts': 0, 'npxGD': -1.7021359999999999}]"
244,Brentford,"[{'h_a': 'a', 'xG': 1.32516, 'xGA': 1.7555, 'npxG': 0.563994, 'npxGA': 1.7555, 'ppda': {'att': 167, 'def': 17}, 'ppda_allowed': {'att': 234, 'def': 21}, 'deep': 3, 'deep_allowed': 6, 'scored': 1, 'missed': 3, 'xpts': 1.0148000000000001, 'result': 'l', 'date': '2025-08-17 13:00:00', 'wins': 0, 'draws': 0, 'loses': 1, 'pts': 0, 'npxGD': -1.191506}, {'h_a': 'h', 'xG': 1.12964, 'xGA': 0.976852, 'npxG': 1.12964, 'npxGA': 0.976852, 'ppda': {'att': 302, 'def': 28}, 'ppda_allowed': {'att': 92, 'def': 17}, 'deep': 2, 'deep_allowed': 14, 'scored': 1, 'missed': 0, 'xpts': 1.5385, 'result': 'w', 'date': '2025-08-23 14:00:00', 'wins': 1, 'draws': 0, 'loses': 0, 'pts': 3, 'npxGD': 0.15278799999999992}, {'h_a': 'a', 'xG': 1.44604, 'xGA': 1.57127, 'npxG': 0.684874, 'npxGA': 0.810099, 'ppda': {'att': 237, 'def': 11}, 'ppda_allowed': {'att': 197, 'def': 38}, 'deep': 4, 'deep_allowed': 2, 'scored': 1, 'missed': 2, 'xpts': 1.2650000000000001, 'result': 'l', 'date': '2025-08-30 14:00:00', 'wins': 0, 'draws': 0, 'loses': 1, 'pts': 0, 'npxGD': -0.12522500000000003}, {'h_a': 'h', 'xG': 1.17533, 'xGA': 0.755999, 'npxG': 1.17533, 'npxGA': 0.755999, 'ppda': {'att': 323, 'def': 16}, 'ppda_allowed': {'att': 151, 'def': 29}, 'deep': 8, 'deep_allowed': 12, 'scored': 2, 'missed': 2, 'xpts': 1.7843999999999998, 'result': 'd', 'date': '2025-09-13 19:00:00', 'wins': 0, 'draws': 1, 'loses': 0, 'pts': 1, 'npxGD': 0.419331}, {'h_a': 'a', 'xG': 0.826556, 'xGA': 1.52431, 'npxG': 0.826556, 'npxGA': 1.52431, 'ppda': {'att': 283, 'def': 21}, 'ppda_allowed': {'att': 258, 'def': 13}, 'deep': 3, 'deep_allowed': 5, 'scored': 1, 'missed': 3, 'xpts': 0.7894999999999999, 'result': 'l', 'date': '2025-09-20 19:00:00', 'wins': 0, 'draws': 0, 'loses': 1, 'pts': 0, 'npxGD': -0.6977540000000001}, {'h_a': 'h', 'xG': 2.78726, 'xGA': 2.23609, 'npxG': 2.78726, 'npxGA': 1.47492, 'ppda': {'att': 293, 'def': 25}, 'ppda_allowed': {'att': 194, 'def': 16}, 'deep': 6, 'deep_allowed': 1, 'scored': 3, 'missed': 1, 'xpts': 1.7845, 'result': 'w', 'date': '2025-09-27 11:30:00', 'wins': 1, 'draws': 0, 'loses': 0, 'pts': 3, 'npxGD': 1.3123399999999998}, {'h_a': 'h', 'xG': 0.693758, 'xGA': 1.09647, 'npxG': 0.693758, 'npxGA': 1.09647, 'ppda': {'att': 399, 'def': 30}, 'ppda_allowed': {'att': 189, 'def': 14}, 'deep': 2, 'deep_allowed': 9, 'scored': 0, 'missed': 1, 'xpts': 0.9858, 'result': 'l', 'date': '2025-10-05 15:30:00', 'wins': 0, 'draws': 0, 'loses': 1, 'pts': 0, 'npxGD': -0.40271200000000007}, {'h_a': 'a', 'xG': 3.46635, 'xGA': 0.260251, 'npxG': 3.46635, 'npxGA': 0.260251, 'ppda': {'att': 187, 'def': 15}, 'ppda_allowed': {'att': 266, 'def': 18}, 'deep': 11, 'deep_allowed': 4, 'scored': 2, 'missed': 0, 'xpts': 2.926, 'result': 'w', 'date': '2025-10-20 19:00:00', 'wins': 1, 'draws': 0, 'loses': 0, 'pts': 3, 'npxGD': 3.206099}, {'h_a': 'h', 'xG': 3.27126, 'xGA': 2.11838, 'npxG': 2.5101, 'npxGA': 2.11838, 'ppda': {'att': 280, 'def': 20}, 'ppda_allowed': {'att': 124, 'def': 20}, 'deep': 5, 'deep_allowed': 10, 'scored': 3, 'missed': 2, 'xpts': 2.1265, 'result': 'w', 'date': '2025-10-25 19:00:00', 'wins': 1, 'draws': 0, 'loses': 0, 'pts': 3, 'npxGD': 0.39171999999999985}, {'h_a': 'a', 'xG': 0.820498, 'xGA': 0.734558, 'npxG': 0.820498, 'npxGA': 0.734558, 'ppda': {'att': 128, 'def': 22}, 'ppda_allowed': {'att': 310, 'def': 16}, 'deep': 8, 'deep_allowed': 5, 'scored': 0, 'missed': 2, 'xpts': 1.4138, 'result': 'l', 'date': '2025-11-01 15:00:00', 'wins': 0, 'draws': 0, 'loses': 1, 'pts': 0, 'npxGD': 0.0859399999999999}]"
245,Leeds,"[{'h_a': 'h', 'xG': 2.3812, 'xGA': 0.674338, 'npxG': 1.62003, 'npxGA': 0.674338, 'ppda': {'att': 251, 'def': 16}, 'ppda_allowed': {'att': 275, 'def': 10}, 'deep': 5, 'deep_allowed': 2, 'scored': 1, 'missed': 0, 'xpts': 2.5742000000000003, 'result': 'w', 'date': '2025-08-18 19:00:00', 'wins': 1, 'draws': 0, 'loses': 0, 'pts': 3, 'npxGD': 0.9456920000000001}, {'h_a': 'a', 'xG': 0.156761, 'xGA': 2.73761, 'npxG': 0.156761, 'npxGA': 1.97644, 'ppda': {'att': 418, 'def': 15}, 'ppda_allowed': {'att': 175, 'def': 22}, 'deep': 1, 'deep_allowed': 5, 'scored': 0, 'missed': 5, 'xpts': 0.0513, 'result': 'l', 'date': '2025-08-23 16:30:00', 'wins': 0, 'draws': 0, 'loses': 1, 'pts': 0, 'npxGD': -1.819679}, {'h_a': 'h', 'xG': 0.6773, 'xGA': 0.303635, 'npxG': 0.6773, 'npxGA': 0.303635, 'ppda': {'att': 327, 'def': 22}, 'ppda_allowed': {'att': 236, 'def': 21}, 'deep': 5, 'deep_allowed': 5, 'scored': 0, 'missed': 0, 'xpts': 1.6758, 'result': 'd', 'date': '2025-08-30 16:30:00', 'wins': 0, 'draws': 1, 'loses': 0, 'pts': 1, 'npxGD': 0.373665}, {'h_a': 'a', 'xG': 0.830398, 'xGA': 1.13979, 'npxG': 0.830398, 'npxGA': 1.13979, 'ppda': {'att': 242, 'def': 18}, 'ppda_allowed': {'att': 218, 'def': 23}, 'deep': 5, 'deep_allowed': 4, 'scored': 0, 'missed': 1, 'xpts': 1.0121, 'result': 'l', 'date': '2025-09-13 14:00:00', 'wins': 0, 'draws': 0, 'loses': 1, 'pts': 0, 'npxGD': -0.3093920000000001}, {'h_a': 'a', 'xG': 0.456988, 'xGA': 1.5661, 'npxG': 0.456988, 'npxGA': 1.5661, 'ppda': {'att': 277, 'def': 21}, 'ppda_allowed': {'att': 274, 'def': 25}, 'deep': 7, 'deep_allowed': 10, 'scored': 3, 'missed': 1, 'xpts': 0.48339999999999994, 'result': 'w', 'date': '2025-09-20 14:00:00', 'wins': 1, 'draws': 0, 'loses': 0, 'pts': 3, 'npxGD': -1.109112}, {'h_a': 'h', 'xG': 2.04728, 'xGA': 1.06033, 'npxG': 2.04728, 'npxGA': 1.06033, 'ppda': {'att': 262, 'def': 26}, 'ppda_allowed': {'att': 210, 'def': 25}, 'deep': 3, 'deep_allowed': 9, 'scored': 2, 'missed': 2, 'xpts': 2.0964, 'result': 'd', 'date': '2025-09-27 14:00:00', 'wins': 0, 'draws': 1, 'loses': 0, 'pts': 1, 'npxGD': 0.9869500000000002}, {'h_a': 'h', 'xG': 1.48051, 'xGA': 0.688198, 'npxG': 1.48051, 'npxGA': 0.688198, 'ppda': {'att': 195, 'def': 18}, 'ppda_allowed': {'att': 285, 'def': 19}, 'deep': 6, 'deep_allowed': 4, 'scored': 1, 'missed': 2, 'xpts': 2.0633, 'result': 'l', 'date': '2025-10-04 11:30:00', 'wins': 0, 'draws': 0, 'loses': 1, 'pts': 0, 'npxGD': 0.792312}, {'h_a': 'a', 'xG': 2.33152, 'xGA': 0.509647, 'npxG': 2.33152, 'npxGA': 0.509647, 'ppda': {'att': 164, 'def': 21}, 'ppda_allowed': {'att': 332, 'def': 21}, 'deep': 8, 'deep_allowed': 2, 'scored': 0, 'missed': 2, 'xpts': 2.6492, 'result': 'l', 'date': '2025-10-18 14:00:00', 'wins': 0, 'draws': 0, 'loses': 1, 'pts': 0, 'npxGD': 1.8218729999999999}, {'h_a': 'h', 'xG': 2.2214, 'xGA': 0.498653, 'npxG': 2.2214, 'npxGA': 0.498653, 'ppda': {'att': 292, 'def': 27}, 'ppda_allowed': {'att': 249, 'def': 26}, 'deep': 1, 'deep_allowed': 4, 'scored': 2, 'missed': 1, 'xpts': 2.6272, 'result': 'w', 'date': '2025-10-24 19:00:00', 'wins': 1, 'draws': 0, 'loses': 0, 'pts': 3, 'npxGD': 1.722747}, {'h_a': 'a', 'xG': 0.35919, 'xGA': 2.64127, 'npxG': 0.35919, 'npxGA': 2.64127, 'ppda': {'att': 339, 'def': 15}, 'ppda_allowed': {'att': 311, 'def': 21}, 'deep': 2, 'deep_allowed': 7, 'scored': 0, 'missed': 3, 'xpts': 0.1109, 'result': 'l', 'date': '2025-11-01 15:00:00', 'wins': 0, 'draws': 0, 'loses': 1, 'pts': 0, 'npxGD': -2.28208}]"
249,Nottingham Forest,"[{'h_a': 'h', 'xG': 1.7555, 'xGA': 1.32516, 'npxG': 1.7555, 'npxGA': 0.563994, 'ppda': {'att': 234, 'def': 21}, 'ppda_allowed': {'att': 167, 'def': 17}, 'deep': 6, 'deep_allowed': 3, 'scored': 3, 'missed': 1, 'xpts': 1.6997, 'result': 'w', 'date': '2025-08-17 13:00:00', 'wins': 1, 'draws': 0, 'loses': 0, 'pts': 3, 'npxGD': 1.191506}, {'h_a': 'a', 'xG': 1.32987, 'xGA': 1.10188, 'npxG': 1.32987, 'npxGA': 1.10188, 'ppda': {'att': 197, 'def': 19}, 'ppda_allowed': {'att': 294, 'def': 23}, 'deep': 4, 'deep_allowed': 6, 'scored': 1, 'missed': 1, 'xpts': 1.5392, 'result': 'd', 'date': '2025-08-24 13:00:00', 'wins': 0, 'draws': 1, 'loses': 0, 'pts': 1, 'npxGD': 0.22799000000000014}, {'h_a': 'h', 'xG': 0.716018, 'xGA': 2.236, 'npxG': 0.716018, 'npxGA': 1.47483, 'ppda': {'att': 256, 'def': 26}, 'ppda_allowed': {'att': 279, 'def': 13}, 'deep': 6, 'deep_allowed': 5, 'scored': 0, 'missed': 3, 'xpts': 0.33340000000000003, 'result': 'l', 'date': '2025-08-31 13:00:00', 'wins': 0, 'draws': 0, 'loses': 1, 'pts': 0, 'npxGD': -0.758812}, {'h_a': 'a', 'xG': 0.293681, 'xGA': 2.8817, 'npxG': 0.293681, 'npxGA': 2.8817, 'ppda': {'att': 291, 'def': 20}, 'ppda_allowed': {'att': 219, 'def': 20}, 'deep': 1, 'deep_allowed': 10, 'scored': 0, 'missed': 3, 'xpts': 0.07830000000000001, 'result': 'l', 'date': '2025-09-13 11:30:00', 'wins': 0, 'draws': 0, 'loses': 1, 'pts': 0, 'npxGD': -2.588019}, {'h_a': 'a', 'xG': 0.830779, 'xGA': 1.14159, 'npxG': 0.830779, 'npxGA': 1.14159, 'ppda': {'att': 191, 'def': 21}, 'ppda_allowed': {'att': 340, 'def': 18}, 'deep': 10, 'deep_allowed': 4, 'scored': 1, 'missed': 1, 'xpts': 1.0473, 'result': 'd', 'date': '2025-09-20 14:00:00', 'wins': 0, 'draws': 1, 'loses': 0, 'pts': 1, 'npxGD': -0.31081100000000006}, {'h_a': 'h', 'xG': 1.4203, 'xGA': 1.94154, 'npxG': 1.4203, 'npxGA': 1.94154, 'ppda': {'att': 186, 'def': 20}, 'ppda_allowed': {'att': 295, 'def': 10}, 'deep': 6, 'deep_allowed': 3, 'scored': 0, 'missed': 1, 'xpts': 0.9927, 'result': 'l', 'date': '2025-09-27 16:30:00', 'wins': 0, 'draws': 0, 'loses': 1, 'pts': 0, 'npxGD': -0.5212400000000001}, {'h_a': 'a', 'xG': 0.337689, 'xGA': 3.81662, 'npxG': 0.337689, 'npxGA': 3.05545, 'ppda': {'att': 232, 'def': 21}, 'ppda_allowed': {'att': 264, 'def': 33}, 'deep': 4, 'deep_allowed': 13, 'scored': 0, 'missed': 2, 'xpts': 0.027200000000000002, 'result': 'l', 'date': '2025-10-05 13:00:00', 'wins': 0, 'draws': 0, 'loses': 1, 'pts': 0, 'npxGD': -2.717761}, {'h_a': 'h', 'xG': 2.0555, 'xGA': 2.5583, 'npxG': 2.0555, 'npxGA': 2.5583, 'ppda': {'att': 282, 'def': 19}, 'ppda_allowed': {'att': 246, 'def': 29}, 'deep': 9, 'deep_allowed': 6, 'scored': 0, 'missed': 3, 'xpts': 1.0608, 'result': 'l', 'date': '2025-10-18 11:30:00', 'wins': 0, 'draws': 0, 'loses': 1, 'pts': 0, 'npxGD': -0.5028000000000001}, {'h_a': 'a', 'xG': 0.305493, 'xGA': 0.656601, 'npxG': 0.305493, 'npxGA': 0.656601, 'ppda': {'att': 235, 'def': 20}, 'ppda_allowed': {'att': 201, 'def': 25}, 'deep': 4, 'deep_allowed': 7, 'scored': 0, 'missed': 2, 'xpts': 0.8847, 'result': 'l', 'date': '2025-10-26 13:00:00', 'wins': 0, 'draws': 0, 'loses': 1, 'pts': 0, 'npxGD': -0.351108}, {'h_a': 'h', 'xG': 1.55066, 'xGA': 0.91622, 'npxG': 1.55066, 'npxGA': 0.91622, 'ppda': {'att': 315, 'def': 23}, 'ppda_allowed': {'att': 161, 'def': 17}, 'deep': 7, 'deep_allowed': 5, 'scored': 2, 'missed': 2, 'xpts': 1.9257000000000002, 'result': 'd', 'date': '2025-11-01 15:00:00', 'wins': 0, 'draws': 1, 'loses': 0, 'pts': 1, 'npxGD': 0.6344399999999999}]"
